,FIPS,Name,State
0,1001,Autauga,AL
1,1003,Baldwin,AL
2,1005,Barbour,AL
3,1007,Bibb,AL
4,1009,Blount,AL
5,1011,Bullock,AL
6,1013,Butler,AL
7,1015,Calhoun,AL
8,1017,Chambers,AL
9,1019,Cherokee,AL
10,1021,Chilton,AL
11,1023,Choctaw,AL
12,1025,Clarke,AL
13,1027,Clay,AL
14,1029,Cleburne,AL
15,1031,Coffee,AL
16,1033,Colbert,AL
17,1035,Conecuh,AL
18,1037,Coosa,AL
19,1039,Covington,AL
20,1041,Crenshaw,AL
21,1043,Cullman,AL
22,1045,Dale,AL
23,1047,Dallas,AL
24,1049,De Kalb,AL
25,1051,Elmore,AL
26,1053,Escambia,AL
27,1055,Etowah,AL
28,1057,Fayette,AL
29,1059,Franklin,AL
30,1061,Geneva,AL
31,1063,Greene,AL
32,1065,Hale,AL
33,1067,Henry,AL
34,1069,Houston,AL
35,1071,Jackson,AL
36,1073,Jefferson,AL
37,1075,Lamar,AL
38,1077,Lauderdale,AL
39,1079,Lawrence,AL
40,1081,Lee,AL
41,1083,Limestone,AL
42,1085,Lowndes,AL
43,1087,Macon,AL
44,1089,Madison,AL
45,1091,Marengo,AL
46,1093,Marion,AL
47,1095,Marshall,AL
48,1097,Mobile,AL
49,1099,Monroe,AL
50,1101,Montgomery,AL
51,1103,Morgan,AL
52,1105,Perry,AL
53,1107,Pickens,AL
54,1109,Pike,AL
55,1111,Randolph,AL
56,1113,Russell,AL
57,1115,St Clair,AL
58,1117,Shelby,AL
59,1119,Sumter,AL
60,1121,Talladega,AL
61,1123,Tallapoosa,AL
62,1125,Tuscaloosa,AL
63,1127,Walker,AL
64,1129,Washington,AL
65,1131,Wilcox,AL
66,1133,Winston,AL
67,2013,Aleutians East,AK
68,2016,Aleutians West,AK
69,2020,Anchorage,AK
70,2050,Bethel,AK
71,2060,Bristol Bay,AK
72,2068,Denali,AK
73,2070,Dillingham,AK
74,2090,Fairbanks North Star,AK
75,2100,Haines,AK
76,2110,Juneau,AK
77,2122,Kenai Peninsula,AK
78,2130,Ketchikan Gateway,AK
79,2150,Kodiak Island,AK
80,2164,Lake and Peninsula,AK
81,2170,Matanuska-Susitna,AK
82,2180,Nome,AK
83,2185,North Slope,AK
84,2188,Northwest Arctic,AK
85,2201,Prince of Wales-Outer Ketchikan,AK
86,2220,Sitka,AK
87,2232,Skagway-Hoonah-Angoon,AK
88,2240,Southeast Fairbanks,AK
89,2261,Valdez-Cordova,AK
90,2270,Wade Hampton,AK
91,2280,Wrangell-Petersburg,AK
92,2282,Yakutat,AK
93,2290,Yukon-Koyukuk,AK
94,4001,Apache,AZ
95,4003,Cochise,AZ
96,4005,Coconino,AZ
97,4007,Gila,AZ
98,4009,Graham,AZ
99,4011,Greenlee,AZ
100,4012,La Paz,AZ
101,4013,Maricopa,AZ
102,4015,Mohave,AZ
103,4017,Navajo,AZ
104,4019,Pima,AZ
105,4021,Pinal,AZ
106,4023,Santa Cruz,AZ
107,4025,Yavapai,AZ
108,4027,Yuma,AZ
109,5001,Arkansas,AR
110,5003,Ashley,AR
111,5005,Baxter,AR
112,5007,Benton,AR
113,5009,Boone,AR
114,5011,Bradley,AR
115,5013,Calhoun,AR
116,5015,Carroll,AR
117,5017,Chicot,AR
118,5019,Clark,AR
119,5021,Clay,AR
120,5023,Cleburne,AR
121,5025,Cleveland,AR
122,5027,Columbia,AR
123,5029,Conway,AR
124,5031,Craighead,AR
125,5033,Crawford,AR
126,5035,Crittenden,AR
127,5037,Cross,AR
128,5039,Dallas,AR
129,5041,Desha,AR
130,5043,Drew,AR
131,5045,Faulkner,AR
132,5047,Franklin,AR
133,5049,Fulton,AR
134,5051,Garland,AR
135,5053,Grant,AR
136,5055,Greene,AR
137,5057,Hempstead,AR
138,5059,Hot Spring,AR
139,5061,Howard,AR
140,5063,Independence,AR
141,5065,Izard,AR
142,5067,Jackson,AR
143,5069,Jefferson,AR
144,5071,Johnson,AR
145,5073,Lafayette,AR
146,5075,Lawrence,AR
147,5077,Lee,AR
148,5079,Lincoln,AR
149,5081,Little River,AR
150,5083,Logan,AR
151,5085,Lonoke,AR
152,5087,Madison,AR
153,5089,Marion,AR
154,5091,Miller,AR
155,5093,Mississippi,AR
156,5095,Monroe,AR
157,5097,Montgomery,AR
158,5099,Nevada,AR
159,5101,Newton,AR
160,5103,Ouachita,AR
161,5105,Perry,AR
162,5107,Phillips,AR
163,5109,Pike,AR
164,5111,Poinsett,AR
165,5113,Polk,AR
166,5115,Pope,AR
167,5117,Prairie,AR
168,5119,Pulaski,AR
169,5121,Randolph,AR
170,5123,St Francis,AR
171,5125,Saline,AR
172,5127,Scott,AR
173,5129,Searcy,AR
174,5131,Sebastian,AR
175,5133,Sevier,AR
176,5135,Sharp,AR
177,5137,Stone,AR
178,5139,Union,AR
179,5141,Van Buren,AR
180,5143,Washington,AR
181,5145,White,AR
182,5147,Woodruff,AR
183,5149,Yell,AR
184,6001,Alameda,CA
185,6003,Alpine,CA
186,6005,Amador,CA
187,6007,Butte,CA
188,6009,Calaveras,CA
189,6011,Colusa,CA
190,6013,Contra Costa,CA
191,6015,Del Norte,CA
192,6017,El Dorado,CA
193,6019,Fresno,CA
194,6021,Glenn,CA
195,6023,Humboldt,CA
196,6025,Imperial,CA
197,6027,Inyo,CA
198,6029,Kern,CA
199,6031,Kings,CA
200,6033,Lake,CA
201,6035,Lassen,CA
202,6037,Los Angeles,CA
203,6039,Madera,CA
204,6041,Marin,CA
205,6043,Mariposa,CA
206,6045,Mendocino,CA
207,6047,Merced,CA
208,6049,Modoc,CA
209,6051,Mono,CA
210,6053,Monterey,CA
211,6055,Napa,CA
212,6057,Nevada,CA
213,6059,Orange,CA
214,6061,Placer,CA
215,6063,Plumas,CA
216,6065,Riverside,CA
217,6067,Sacramento,CA
218,6069,San Benito,CA
219,6071,San Bernardino,CA
220,6073,San Diego,CA
221,6075,San Francisco,CA
222,6077,San Joaquin,CA
223,6079,San Luis Obispo,CA
224,6081,San Mateo,CA
225,6083,Santa Barbara,CA
226,6085,Santa Clara,CA
227,6087,Santa Cruz,CA
228,6089,Shasta,CA
229,6091,Sierra,CA
230,6093,Siskiyou,CA
231,6095,Solano,CA
232,6097,Sonoma,CA
233,6099,Stanislaus,CA
234,6101,Sutter,CA
235,6103,Tehama,CA
236,6105,Trinity,CA
237,6107,Tulare,CA
238,6109,Tuolumne,CA
239,6111,Ventura,CA
240,6113,Yolo,CA
241,6115,Yuba,CA
242,8001,Adams,CO
243,8003,Alamosa,CO
244,8005,Arapahoe,CO
245,8007,Archuleta,CO
246,8009,Baca,CO
247,8011,Bent,CO
248,8013,Boulder,CO
249,8015,Chaffee,CO
250,8017,Cheyenne,CO
251,8019,Clear Creek,CO
252,8021,Conejos,CO
253,8023,Costilla,CO
254,8025,Crowley,CO
255,8027,Custer,CO
256,8029,Delta,CO
257,8031,Denver,CO
258,8033,Dolores,CO
259,8035,Douglas,CO
260,8037,Eagle,CO
261,8039,Elbert,CO
262,8041,El Paso,CO
263,8043,Fremont,CO
264,8045,Garfield,CO
265,8047,Gilpin,CO
266,8049,Grand,CO
267,8051,Gunnison,CO
268,8053,Hinsdale,CO
269,8055,Huerfano,CO
270,8057,Jackson,CO
271,8059,Jefferson,CO
272,8061,Kiowa,CO
273,8063,Kit Carson,CO
274,8065,Lake,CO
275,8067,La Plata,CO
276,8069,Larimer,CO
277,8071,Las Animas,CO
278,8073,Lincoln,CO
279,8075,Logan,CO
280,8077,Mesa,CO
281,8079,Mineral,CO
282,8081,Moffat,CO
283,8083,Montezuma,CO
284,8085,Montrose,CO
285,8087,Morgan,CO
286,8089,Otero,CO
287,8091,Ouray,CO
288,8093,Park,CO
289,8095,Phillips,CO
290,8097,Pitkin,CO
291,8099,Prowers,CO
292,8101,Pueblo,CO
293,8103,Rio Blanco,CO
294,8105,Rio Grande,CO
295,8107,Routt,CO
296,8109,Saguache,CO
297,8111,San Juan,CO
298,8113,San Miguel,CO
299,8115,Sedgwick,CO
300,8117,Summit,CO
301,8119,Teller,CO
302,8121,Washington,CO
303,8123,Weld,CO
304,8125,Yuma,CO
305,9001,Fairfield,CT
306,9003,Hartford,CT
307,9005,Litchfield,CT
308,9007,Middlesex,CT
309,9009,New Haven,CT
310,9011,New London,CT
311,9013,Tolland,CT
312,9015,Windham,CT
313,10001,Kent,DE
314,10003,New Castle,DE
315,10005,Sussex,DE
316,11001,Washington,DC
317,12001,Alachua,FL
318,12003,Baker,FL
319,12005,Bay,FL
320,12007,Bradford,FL
321,12009,Brevard,FL
322,12011,Broward,FL
323,12013,Calhoun,FL
324,12015,Charlotte,FL
325,12017,Citrus,FL
326,12019,Clay,FL
327,12021,Collier,FL
328,12023,Columbia,FL
329,12027,De Soto,FL
330,12029,Dixie,FL
331,12031,Duval,FL
332,12033,Escambia,FL
333,12035,Flagler,FL
334,12037,Franklin,FL
335,12039,Gadsden,FL
336,12041,Gilchrist,FL
337,12043,Glades,FL
338,12045,Gulf,FL
339,12047,Hamilton,FL
340,12049,Hardee,FL
341,12051,Hendry,FL
342,12053,Hernando,FL
343,12055,Highlands,FL
344,12057,Hillsborough,FL
345,12059,Holmes,FL
346,12061,Indian River,FL
347,12063,Jackson,FL
348,12065,Jefferson,FL
349,12067,Lafayette,FL
350,12069,Lake,FL
351,12071,Lee,FL
352,12073,Leon,FL
353,12075,Levy,FL
354,12077,Liberty,FL
355,12079,Madison,FL
356,12081,Manatee,FL
357,12083,Marion,FL
358,12085,Martin,FL
359,12086,Miami-Dade,FL
360,12087,Monroe,FL
361,12089,Nassau,FL
362,12091,Okaloosa,FL
363,12093,Okeechobee,FL
364,12095,Orange,FL
365,12097,Osceola,FL
366,12099,Palm Beach,FL
367,12101,Pasco,FL
368,12103,Pinellas,FL
369,12105,Polk,FL
370,12107,Putnam,FL
371,12109,St Johns,FL
372,12111,St Lucie,FL
373,12113,Santa Rosa,FL
374,12115,Sarasota,FL
375,12117,Seminole,FL
376,12119,Sumter,FL
377,12121,Suwannee,FL
378,12123,Taylor,FL
379,12125,Union,FL
380,12127,Volusia,FL
381,12129,Wakulla,FL
382,12131,Walton,FL
383,12133,Washington,FL
384,13001,Appling,GA
385,13003,Atkinson,GA
386,13005,Bacon,GA
387,13007,Baker,GA
388,13009,Baldwin,GA
389,13011,Banks,GA
390,13013,Barrow,GA
391,13015,Bartow,GA
392,13017,Ben Hill,GA
393,13019,Berrien,GA
394,13021,Bibb,GA
395,13023,Bleckley,GA
396,13025,Brantley,GA
397,13027,Brooks,GA
398,13029,Bryan,GA
399,13031,Bulloch,GA
400,13033,Burke,GA
401,13035,Butts,GA
402,13037,Calhoun,GA
403,13039,Camden,GA
404,13043,Candler,GA
405,13045,Carroll,GA
406,13047,Catoosa,GA
407,13049,Charlton,GA
408,13051,Chatham,GA
409,13053,Chattahoochee,GA
410,13055,Chattooga,GA
411,13057,Cherokee,GA
412,13059,Clarke,GA
413,13061,Clay,GA
414,13063,Clayton,GA
415,13065,Clinch,GA
416,13067,Cobb,GA
417,13069,Coffee,GA
418,13071,Colquitt,GA
419,13073,Columbia,GA
420,13075,Cook,GA
421,13077,Coweta,GA
422,13079,Crawford,GA
423,13081,Crisp,GA
424,13083,Dade,GA
425,13085,Dawson,GA
426,13087,Decatur,GA
427,13089,De Kalb,GA
428,13091,Dodge,GA
429,13093,Dooly,GA
430,13095,Dougherty,GA
431,13097,Douglas,GA
432,13099,Early,GA
433,13101,Echols,GA
434,13103,Effingham,GA
435,13105,Elbert,GA
436,13107,Emanuel,GA
437,13109,Evans,GA
438,13111,Fannin,GA
439,13113,Fayette,GA
440,13115,Floyd,GA
441,13117,Forsyth,GA
442,13119,Franklin,GA
443,13121,Fulton,GA
444,13123,Gilmer,GA
445,13125,Glascock,GA
446,13127,Glynn,GA
447,13129,Gordon,GA
448,13131,Grady,GA
449,13133,Greene,GA
450,13135,Gwinnett,GA
451,13137,Habersham,GA
452,13139,Hall,GA
453,13141,Hancock,GA
454,13143,Haralson,GA
455,13145,Harris,GA
456,13147,Hart,GA
457,13149,Heard,GA
458,13151,Henry,GA
459,13153,Houston,GA
460,13155,Irwin,GA
461,13157,Jackson,GA
462,13159,Jasper,GA
463,13161,Jeff Davis,GA
464,13163,Jefferson,GA
465,13165,Jenkins,GA
466,13167,Johnson,GA
467,13169,Jones,GA
468,13171,Lamar,GA
469,13173,Lanier,GA
470,13175,Laurens,GA
471,13177,Lee,GA
472,13179,Liberty,GA
473,13181,Lincoln,GA
474,13183,Long,GA
475,13185,Lowndes,GA
476,13187,Lumpkin,GA
477,13189,McDuffie,GA
478,13191,McIntosh,GA
479,13193,Macon,GA
480,13195,Madison,GA
481,13197,Marion,GA
482,13199,Meriwether,GA
483,13201,Miller,GA
484,13205,Mitchell,GA
485,13207,Monroe,GA
486,13209,Montgomery,GA
487,13211,Morgan,GA
488,13213,Murray,GA
489,13215,Muscogee,GA
490,13217,Newton,GA
491,13219,Oconee,GA
492,13221,Oglethorpe,GA
493,13223,Paulding,GA
494,13225,Peach,GA
495,13227,Pickens,GA
496,13229,Pierce,GA
497,13231,Pike,GA
498,13233,Polk,GA
499,13235,Pulaski,GA
500,13237,Putnam,GA
501,13239,Quitman,GA
502,13241,Rabun,GA
503,13243,Randolph,GA
504,13245,Richmond,GA
505,13247,Rockdale,GA
506,13249,Schley,GA
507,13251,Screven,GA
508,13253,Seminole,GA
509,13255,Spalding,GA
510,13257,Stephens,GA
511,13259,Stewart,GA
512,13261,Sumter,GA
513,13263,Talbot,GA
514,13265,Taliaferro,GA
515,13267,Tattnall,GA
516,13269,Taylor,GA
517,13271,Telfair,GA
518,13273,Terrell,GA
519,13275,Thomas,GA
520,13277,Tift,GA
521,13279,Toombs,GA
522,13281,Towns,GA
523,13283,Treutlen,GA
524,13285,Troup,GA
525,13287,Turner,GA
526,13289,Twiggs,GA
527,13291,Union,GA
528,13293,Upson,GA
529,13295,Walker,GA
530,13297,Walton,GA
531,13299,Ware,GA
532,13301,Warren,GA
533,13303,Washington,GA
534,13305,Wayne,GA
535,13307,Webster,GA
536,13309,Wheeler,GA
537,13311,White,GA
538,13313,Whitfield,GA
539,13315,Wilcox,GA
540,13317,Wilkes,GA
541,13319,Wilkinson,GA
542,13321,Worth,GA
543,15001,Hawaii,HI
544,15003,Honolulu,HI
545,15007,Kauai,HI
546,15009,Maui,HI
547,16001,Ada,ID
548,16003,Adams,ID
549,16005,Bannock,ID
550,16007,Bear Lake,ID
551,16009,Benewah,ID
552,16011,Bingham,ID
553,16013,Blaine,ID
554,16015,Boise,ID
555,16017,Bonner,ID
556,16019,Bonneville,ID
557,16021,Boundary,ID
558,16023,Butte,ID
559,16025,Camas,ID
560,16027,Canyon,ID
561,16029,Caribou,ID
562,16031,Cassia,ID
563,16033,Clark,ID
564,16035,Clearwater,ID
565,16037,Custer,ID
566,16039,Elmore,ID
567,16041,Franklin,ID
568,16043,Fremont,ID
569,16045,Gem,ID
570,16047,Gooding,ID
571,16049,Idaho,ID
572,16051,Jefferson,ID
573,16053,Jerome,ID
574,16055,Kootenai,ID
575,16057,Latah,ID
576,16059,Lemhi,ID
577,16061,Lewis,ID
578,16063,Lincoln,ID
579,16065,Madison,ID
580,16067,Minidoka,ID
581,16069,Nez Perce,ID
582,16071,Oneida,ID
583,16073,Owyhee,ID
584,16075,Payette,ID
585,16077,Power,ID
586,16079,Shoshone,ID
587,16081,Teton,ID
588,16083,Twin Falls,ID
589,16085,Valley,ID
590,16087,Washington,ID
591,17001,Adams,IL
592,17003,Alexander,IL
593,17005,Bond,IL
594,17007,Boone,IL
595,17009,Brown,IL
596,17011,Bureau,IL
597,17013,Calhoun,IL
598,17015,Carroll,IL
599,17017,Cass,IL
600,17019,Champaign,IL
601,17021,Christian,IL
602,17023,Clark,IL
603,17025,Clay,IL
604,17027,Clinton,IL
605,17029,Coles,IL
606,17031,Cook,IL
607,17033,Crawford,IL
608,17035,Cumberland,IL
609,17037,De Kalb,IL
610,17039,De Witt,IL
611,17041,Douglas,IL
612,17043,Du Page,IL
613,17045,Edgar,IL
614,17047,Edwards,IL
615,17049,Effingham,IL
616,17051,Fayette,IL
617,17053,Ford,IL
618,17055,Franklin,IL
619,17057,Fulton,IL
620,17059,Gallatin,IL
621,17061,Greene,IL
622,17063,Grundy,IL
623,17065,Hamilton,IL
624,17067,Hancock,IL
625,17069,Hardin,IL
626,17071,Henderson,IL
627,17073,Henry,IL
628,17075,Iroquois,IL
629,17077,Jackson,IL
630,17079,Jasper,IL
631,17081,Jefferson,IL
632,17083,Jersey,IL
633,17085,Jo Daviess,IL
634,17087,Johnson,IL
635,17089,Kane,IL
636,17091,Kankakee,IL
637,17093,Kendall,IL
638,17095,Knox,IL
639,17097,Lake,IL
640,17099,La Salle,IL
641,17101,Lawrence,IL
642,17103,Lee,IL
643,17105,Livingston,IL
644,17107,Logan,IL
645,17109,McDonough,IL
646,17111,McHenry,IL
647,17113,McLean,IL
648,17115,Macon,IL
649,17117,Macoupin,IL
650,17119,Madison,IL
651,17121,Marion,IL
652,17123,Marshall,IL
653,17125,Mason,IL
654,17127,Massac,IL
655,17129,Menard,IL
656,17131,Mercer,IL
657,17133,Monroe,IL
658,17135,Montgomery,IL
659,17137,Morgan,IL
660,17139,Moultrie,IL
661,17141,Ogle,IL
662,17143,Peoria,IL
663,17145,Perry,IL
664,17147,Piatt,IL
665,17149,Pike,IL
666,17151,Pope,IL
667,17153,Pulaski,IL
668,17155,Putnam,IL
669,17157,Randolph,IL
670,17159,Richland,IL
671,17161,Rock Island,IL
672,17163,St Clair,IL
673,17165,Saline,IL
674,17167,Sangamon,IL
675,17169,Schuyler,IL
676,17171,Scott,IL
677,17173,Shelby,IL
678,17175,Stark,IL
679,17177,Stephenson,IL
680,17179,Tazewell,IL
681,17181,Union,IL
682,17183,Vermilion,IL
683,17185,Wabash,IL
684,17187,Warren,IL
685,17189,Washington,IL
686,17191,Wayne,IL
687,17193,White,IL
688,17195,Whiteside,IL
689,17197,Will,IL
690,17199,Williamson,IL
691,17201,Winnebago,IL
692,17203,Woodford,IL
693,18001,Adams,IN
694,18003,Allen,IN
695,18005,Bartholomew,IN
696,18007,Benton,IN
697,18009,Blackford,IN
698,18011,Boone,IN
699,18013,Brown,IN
700,18015,Carroll,IN
701,18017,Cass,IN
702,18019,Clark,IN
703,18021,Clay,IN
704,18023,Clinton,IN
705,18025,Crawford,IN
706,18027,Daviess,IN
707,18029,Dearborn,IN
708,18031,Decatur,IN
709,18033,De Kalb,IN
710,18035,Delaware,IN
711,18037,Dubois,IN
712,18039,Elkhart,IN
713,18041,Fayette,IN
714,18043,Floyd,IN
715,18045,Fountain,IN
716,18047,Franklin,IN
717,18049,Fulton,IN
718,18051,Gibson,IN
719,18053,Grant,IN
720,18055,Greene,IN
721,18057,Hamilton,IN
722,18059,Hancock,IN
723,18061,Harrison,IN
724,18063,Hendricks,IN
725,18065,Henry,IN
726,18067,Howard,IN
727,18069,Huntington,IN
728,18071,Jackson,IN
729,18073,Jasper,IN
730,18075,Jay,IN
731,18077,Jefferson,IN
732,18079,Jennings,IN
733,18081,Johnson,IN
734,18083,Knox,IN
735,18085,Kosciusko,IN
736,18087,La Grange,IN
737,18089,Lake,IN
738,18091,La Porte,IN
739,18093,Lawrence,IN
740,18095,Madison,IN
741,18097,Marion,IN
742,18099,Marshall,IN
743,18101,Martin,IN
744,18103,Miami,IN
745,18105,Monroe,IN
746,18107,Montgomery,IN
747,18109,Morgan,IN
748,18111,Newton,IN
749,18113,Noble,IN
750,18115,Ohio,IN
751,18117,Orange,IN
752,18119,Owen,IN
753,18121,Parke,IN
754,18123,Perry,IN
755,18125,Pike,IN
756,18127,Porter,IN
757,18129,Posey,IN
758,18131,Pulaski,IN
759,18133,Putnam,IN
760,18135,Randolph,IN
761,18137,Ripley,IN
762,18139,Rush,IN
763,18141,St Joseph,IN
764,18143,Scott,IN
765,18145,Shelby,IN
766,18147,Spencer,IN
767,18149,Starke,IN
768,18151,Steuben,IN
769,18153,Sullivan,IN
770,18155,Switzerland,IN
771,18157,Tippecanoe,IN
772,18159,Tipton,IN
773,18161,Union,IN
774,18163,Vanderburgh,IN
775,18165,Vermillion,IN
776,18167,Vigo,IN
777,18169,Wabash,IN
778,18171,Warren,IN
779,18173,Warrick,IN
780,18175,Washington,IN
781,18177,Wayne,IN
782,18179,Wells,IN
783,18181,White,IN
784,18183,Whitley,IN
785,19001,Adair,IA
786,19003,Adams,IA
787,19005,Allamakee,IA
788,19007,Appanoose,IA
789,19009,Audubon,IA
790,19011,Benton,IA
791,19013,Black Hawk,IA
792,19015,Boone,IA
793,19017,Bremer,IA
794,19019,Buchanan,IA
795,19021,Buena Vista,IA
796,19023,Butler,IA
797,19025,Calhoun,IA
798,19027,Carroll,IA
799,19029,Cass,IA
800,19031,Cedar,IA
801,19033,Cerro Gordo,IA
802,19035,Cherokee,IA
803,19037,Chickasaw,IA
804,19039,Clarke,IA
805,19041,Clay,IA
806,19043,Clayton,IA
807,19045,Clinton,IA
808,19047,Crawford,IA
809,19049,Dallas,IA
810,19051,Davis,IA
811,19053,Decatur,IA
812,19055,Delaware,IA
813,19057,Des Moines,IA
814,19059,Dickinson,IA
815,19061,Dubuque,IA
816,19063,Emmet,IA
817,19065,Fayette,IA
818,19067,Floyd,IA
819,19069,Franklin,IA
820,19071,Fremont,IA
821,19073,Greene,IA
822,19075,Grundy,IA
823,19077,Guthrie,IA
824,19079,Hamilton,IA
825,19081,Hancock,IA
826,19083,Hardin,IA
827,19085,Harrison,IA
828,19087,Henry,IA
829,19089,Howard,IA
830,19091,Humboldt,IA
831,19093,Ida,IA
832,19095,Iowa,IA
833,19097,Jackson,IA
834,19099,Jasper,IA
835,19101,Jefferson,IA
836,19103,Johnson,IA
837,19105,Jones,IA
838,19107,Keokuk,IA
839,19109,Kossuth,IA
840,19111,Lee,IA
841,19113,Linn,IA
842,19115,Louisa,IA
843,19117,Lucas,IA
844,19119,Lyon,IA
845,19121,Madison,IA
846,19123,Mahaska,IA
847,19125,Marion,IA
848,19127,Marshall,IA
849,19129,Mills,IA
850,19131,Mitchell,IA
851,19133,Monona,IA
852,19135,Monroe,IA
853,19137,Montgomery,IA
854,19139,Muscatine,IA
855,19141,O Brien,IA
856,19143,Osceola,IA
857,19145,Page,IA
858,19147,Palo Alto,IA
859,19149,Plymouth,IA
860,19151,Pocahontas,IA
861,19153,Polk,IA
862,19155,Pottawattamie,IA
863,19157,Poweshiek,IA
864,19159,Ringgold,IA
865,19161,Sac,IA
866,19163,Scott,IA
867,19165,Shelby,IA
868,19167,Sioux,IA
869,19169,Story,IA
870,19171,Tama,IA
871,19173,Taylor,IA
872,19175,Union,IA
873,19177,Van Buren,IA
874,19179,Wapello,IA
875,19181,Warren,IA
876,19183,Washington,IA
877,19185,Wayne,IA
878,19187,Webster,IA
879,19189,Winnebago,IA
880,19191,Winneshiek,IA
881,19193,Woodbury,IA
882,19195,Worth,IA
883,19197,Wright,IA
884,20001,Allen,KS
885,20003,Anderson,KS
886,20005,Atchison,KS
887,20007,Barber,KS
888,20009,Barton,KS
889,20011,Bourbon,KS
890,20013,Brown,KS
891,20015,Butler,KS
892,20017,Chase,KS
893,20019,Chautauqua,KS
894,20021,Cherokee,KS
895,20023,Cheyenne,KS
896,20025,Clark,KS
897,20027,Clay,KS
898,20029,Cloud,KS
899,20031,Coffey,KS
900,20033,Comanche,KS
901,20035,Cowley,KS
902,20037,Crawford,KS
903,20039,Decatur,KS
904,20041,Dickinson,KS
905,20043,Doniphan,KS
906,20045,Douglas,KS
907,20047,Edwards,KS
908,20049,Elk,KS
909,20051,Ellis,KS
910,20053,Ellsworth,KS
911,20055,Finney,KS
912,20057,Ford,KS
913,20059,Franklin,KS
914,20061,Geary,KS
915,20063,Gove,KS
916,20065,Graham,KS
917,20067,Grant,KS
918,20069,Gray,KS
919,20071,Greeley,KS
920,20073,Greenwood,KS
921,20075,Hamilton,KS
922,20077,Harper,KS
923,20079,Harvey,KS
924,20081,Haskell,KS
925,20083,Hodgeman,KS
926,20085,Jackson,KS
927,20087,Jefferson,KS
928,20089,Jewell,KS
929,20091,Johnson,KS
930,20093,Kearny,KS
931,20095,Kingman,KS
932,20097,Kiowa,KS
933,20099,Labette,KS
934,20101,Lane,KS
935,20103,Leavenworth,KS
936,20105,Lincoln,KS
937,20107,Linn,KS
938,20109,Logan,KS
939,20111,Lyon,KS
940,20113,McPherson,KS
941,20115,Marion,KS
942,20117,Marshall,KS
943,20119,Meade,KS
944,20121,Miami,KS
945,20123,Mitchell,KS
946,20125,Montgomery,KS
947,20127,Morris,KS
948,20129,Morton,KS
949,20131,Nemaha,KS
950,20133,Neosho,KS
951,20135,Ness,KS
952,20137,Norton,KS
953,20139,Osage,KS
954,20141,Osborne,KS
955,20143,Ottawa,KS
956,20145,Pawnee,KS
957,20147,Phillips,KS
958,20149,Pottawatomie,KS
959,20151,Pratt,KS
960,20153,Rawlins,KS
961,20155,Reno,KS
962,20157,Republic,KS
963,20159,Rice,KS
964,20161,Riley,KS
965,20163,Rooks,KS
966,20165,Rush,KS
967,20167,Russell,KS
968,20169,Saline,KS
969,20171,Scott,KS
970,20173,Sedgwick,KS
971,20175,Seward,KS
972,20177,Shawnee,KS
973,20179,Sheridan,KS
974,20181,Sherman,KS
975,20183,Smith,KS
976,20185,Stafford,KS
977,20187,Stanton,KS
978,20189,Stevens,KS
979,20191,Sumner,KS
980,20193,Thomas,KS
981,20195,Trego,KS
982,20197,Wabaunsee,KS
983,20199,Wallace,KS
984,20201,Washington,KS
985,20203,Wichita,KS
986,20205,Wilson,KS
987,20207,Woodson,KS
988,20209,Wyandotte,KS
989,21001,Adair,KY
990,21003,Allen,KY
991,21005,Anderson,KY
992,21007,Ballard,KY
993,21009,Barren,KY
994,21011,Bath,KY
995,21013,Bell,KY
996,21015,Boone,KY
997,21017,Bourbon,KY
998,21019,Boyd,KY
999,21021,Boyle,KY
1000,21023,Bracken,KY
1001,21025,Breathitt,KY
1002,21027,Breckinridge,KY
1003,21029,Bullitt,KY
1004,21031,Butler,KY
1005,21033,Caldwell,KY
1006,21035,Calloway,KY
1007,21037,Campbell,KY
1008,21039,Carlisle,KY
1009,21041,Carroll,KY
1010,21043,Carter,KY
1011,21045,Casey,KY
1012,21047,Christian,KY
1013,21049,Clark,KY
1014,21051,Clay,KY
1015,21053,Clinton,KY
1016,21055,Crittenden,KY
1017,21057,Cumberland,KY
1018,21059,Daviess,KY
1019,21061,Edmonson,KY
1020,21063,Elliott,KY
1021,21065,Estill,KY
1022,21067,Fayette,KY
1023,21069,Fleming,KY
1024,21071,Floyd,KY
1025,21073,Franklin,KY
1026,21075,Fulton,KY
1027,21077,Gallatin,KY
1028,21079,Garrard,KY
1029,21081,Grant,KY
1030,21083,Graves,KY
1031,21085,Grayson,KY
1032,21087,Green,KY
1033,21089,Greenup,KY
1034,21091,Hancock,KY
1035,21093,Hardin,KY
1036,21095,Harlan,KY
1037,21097,Harrison,KY
1038,21099,Hart,KY
1039,21101,Henderson,KY
1040,21103,Henry,KY
1041,21105,Hickman,KY
1042,21107,Hopkins,KY
1043,21109,Jackson,KY
1044,21111,Jefferson,KY
1045,21113,Jessamine,KY
1046,21115,Johnson,KY
1047,21117,Kenton,KY
1048,21119,Knott,KY
1049,21121,Knox,KY
1050,21123,Larue,KY
1051,21125,Laurel,KY
1052,21127,Lawrence,KY
1053,21129,Lee,KY
1054,21131,Leslie,KY
1055,21133,Letcher,KY
1056,21135,Lewis,KY
1057,21137,Lincoln,KY
1058,21139,Livingston,KY
1059,21141,Logan,KY
1060,21143,Lyon,KY
1061,21145,McCracken,KY
1062,21147,McCreary,KY
1063,21149,McLean,KY
1064,21151,Madison,KY
1065,21153,Magoffin,KY
1066,21155,Marion,KY
1067,21157,Marshall,KY
1068,21159,Martin,KY
1069,21161,Mason,KY
1070,21163,Meade,KY
1071,21165,Menifee,KY
1072,21167,Mercer,KY
1073,21169,Metcalfe,KY
1074,21171,Monroe,KY
1075,21173,Montgomery,KY
1076,21175,Morgan,KY
1077,21177,Muhlenberg,KY
1078,21179,Nelson,KY
1079,21181,Nicholas,KY
1080,21183,Ohio,KY
1081,21185,Oldham,KY
1082,21187,Owen,KY
1083,21189,Owsley,KY
1084,21191,Pendleton,KY
1085,21193,Perry,KY
1086,21195,Pike,KY
1087,21197,Powell,KY
1088,21199,Pulaski,KY
1089,21201,Robertson,KY
1090,21203,Rockcastle,KY
1091,21205,Rowan,KY
1092,21207,Russell,KY
1093,21209,Scott,KY
1094,21211,Shelby,KY
1095,21213,Simpson,KY
1096,21215,Spencer,KY
1097,21217,Taylor,KY
1098,21219,Todd,KY
1099,21221,Trigg,KY
1100,21223,Trimble,KY
1101,21225,Union,KY
1102,21227,Warren,KY
1103,21229,Washington,KY
1104,21231,Wayne,KY
1105,21233,Webster,KY
1106,21235,Whitley,KY
1107,21237,Wolfe,KY
1108,21239,Woodford,KY
1109,22001,Acadia,LA
1110,22003,Allen,LA
1111,22005,Ascension,LA
1112,22007,Assumption,LA
1113,22009,Avoyelles,LA
1114,22011,Beauregard,LA
1115,22013,Bienville,LA
1116,22015,Bossier,LA
1117,22017,Caddo,LA
1118,22019,Calcasieu,LA
1119,22021,Caldwell,LA
1120,22023,Cameron,LA
1121,22025,Catahoula,LA
1122,22027,Claiborne,LA
1123,22029,Concordia,LA
1124,22031,De Soto,LA
1125,22033,East Baton Rouge,LA
1126,22035,East Carroll,LA
1127,22037,East Feliciana,LA
1128,22039,Evangeline,LA
1129,22041,Franklin,LA
1130,22043,Grant,LA
1131,22045,Iberia,LA
1132,22047,Iberville,LA
1133,22049,Jackson,LA
1134,22051,Jefferson,LA
1135,22053,Jefferson Davis,LA
1136,22055,Lafayette,LA
1137,22057,Lafourche,LA
1138,22059,La Salle,LA
1139,22061,Lincoln,LA
1140,22063,Livingston,LA
1141,22065,Madison,LA
1142,22067,Morehouse,LA
1143,22069,Natchitoches,LA
1144,22071,Orleans,LA
1145,22073,Ouachita,LA
1146,22075,Plaquemines,LA
1147,22077,Pointe Coupee,LA
1148,22079,Rapides,LA
1149,22081,Red River,LA
1150,22083,Richland,LA
1151,22085,Sabine,LA
1152,22087,St Bernard,LA
1153,22089,St Charles,LA
1154,22091,St Helena,LA
1155,22093,St James,LA
1156,22095,St John the Baptist,LA
1157,22097,St Landry,LA
1158,22099,St Martin,LA
1159,22101,St Mary,LA
1160,22103,St Tammany,LA
1161,22105,Tangipahoa,LA
1162,22107,Tensas,LA
1163,22109,Terrebonne,LA
1164,22111,Union,LA
1165,22113,Vermilion,LA
1166,22115,Vernon,LA
1167,22117,Washington,LA
1168,22119,Webster,LA
1169,22121,West Baton Rouge,LA
1170,22123,West Carroll,LA
1171,22125,West Feliciana,LA
1172,22127,Winn,LA
1173,23001,Androscoggin,ME
1174,23003,Aroostook,ME
1175,23005,Cumberland,ME
1176,23007,Franklin,ME
1177,23009,Hancock,ME
1178,23011,Kennebec,ME
1179,23013,Knox,ME
1180,23015,Lincoln,ME
1181,23017,Oxford,ME
1182,23019,Penobscot,ME
1183,23021,Piscataquis,ME
1184,23023,Sagadahoc,ME
1185,23025,Somerset,ME
1186,23027,Waldo,ME
1187,23029,Washington,ME
1188,23031,York,ME
1189,24001,Allegany,MD
1190,24003,Anne Arundel,MD
1191,24005,Baltimore,MD
1192,24009,Calvert,MD
1193,24011,Caroline,MD
1194,24013,Carroll,MD
1195,24015,Cecil,MD
1196,24017,Charles,MD
1197,24019,Dorchester,MD
1198,24021,Frederick,MD
1199,24023,Garrett,MD
1200,24025,Harford,MD
1201,24027,Howard,MD
1202,24029,Kent,MD
1203,24031,Montgomery,MD
1204,24033,Prince Georges,MD
1205,24035,Queen Annes,MD
1206,24037,St Marys,MD
1207,24039,Somerset,MD
1208,24041,Talbot,MD
1209,24043,Washington,MD
1210,24045,Wicomico,MD
1211,24047,Worcester,MD
1212,24510,Baltimore City,MD
1213,25001,Barnstable,MA
1214,25003,Berkshire,MA
1215,25005,Bristol,MA
1216,25007,Dukes,MA
1217,25009,Essex,MA
1218,25011,Franklin,MA
1219,25013,Hampden,MA
1220,25015,Hampshire,MA
1221,25017,Middlesex,MA
1222,25019,Nantucket,MA
1223,25021,Norfolk,MA
1224,25023,Plymouth,MA
1225,25025,Suffolk,MA
1226,25027,Worcester,MA
1227,26001,Alcona,MI
1228,26003,Alger,MI
1229,26005,Allegan,MI
1230,26007,Alpena,MI
1231,26009,Antrim,MI
1232,26011,Arenac,MI
1233,26013,Baraga,MI
1234,26015,Barry,MI
1235,26017,Bay,MI
1236,26019,Benzie,MI
1237,26021,Berrien,MI
1238,26023,Branch,MI
1239,26025,Calhoun,MI
1240,26027,Cass,MI
1241,26029,Charlevoix,MI
1242,26031,Cheboygan,MI
1243,26033,Chippewa,MI
1244,26035,Clare,MI
1245,26037,Clinton,MI
1246,26039,Crawford,MI
1247,26041,Delta,MI
1248,26043,Dickinson,MI
1249,26045,Eaton,MI
1250,26047,Emmet,MI
1251,26049,Genesee,MI
1252,26051,Gladwin,MI
1253,26053,Gogebic,MI
1254,26055,Grand Traverse,MI
1255,26057,Gratiot,MI
1256,26059,Hillsdale,MI
1257,26061,Houghton,MI
1258,26063,Huron,MI
1259,26065,Ingham,MI
1260,26067,Ionia,MI
1261,26069,Iosco,MI
1262,26071,Iron,MI
1263,26073,Isabella,MI
1264,26075,Jackson,MI
1265,26077,Kalamazoo,MI
1266,26079,Kalkaska,MI
1267,26081,Kent,MI
1268,26083,Keweenaw,MI
1269,26085,Lake,MI
1270,26087,Lapeer,MI
1271,26089,Leelanau,MI
1272,26091,Lenawee,MI
1273,26093,Livingston,MI
1274,26095,Luce,MI
1275,26097,Mackinac,MI
1276,26099,Macomb,MI
1277,26101,Manistee,MI
1278,26103,Marquette,MI
1279,26105,Mason,MI
1280,26107,Mecosta,MI
1281,26109,Menominee,MI
1282,26111,Midland,MI
1283,26113,Missaukee,MI
1284,26115,Monroe,MI
1285,26117,Montcalm,MI
1286,26119,Montmorency,MI
1287,26121,Muskegon,MI
1288,26123,Newaygo,MI
1289,26125,Oakland,MI
1290,26127,Oceana,MI
1291,26129,Ogemaw,MI
1292,26131,Ontonagon,MI
1293,26133,Osceola,MI
1294,26135,Oscoda,MI
1295,26137,Otsego,MI
1296,26139,Ottawa,MI
1297,26141,Presque Isle,MI
1298,26143,Roscommon,MI
1299,26145,Saginaw,MI
1300,26147,St Clair,MI
1301,26149,St Joseph,MI
1302,26151,Sanilac,MI
1303,26153,Schoolcraft,MI
1304,26155,Shiawassee,MI
1305,26157,Tuscola,MI
1306,26159,Van Buren,MI
1307,26161,Washtenaw,MI
1308,26163,Wayne,MI
1309,26165,Wexford,MI
1310,27001,Aitkin,MN
1311,27003,Anoka,MN
1312,27005,Becker,MN
1313,27007,Beltrami,MN
1314,27009,Benton,MN
1315,27011,Big Stone,MN
1316,27013,Blue Earth,MN
1317,27015,Brown,MN
1318,27017,Carlton,MN
1319,27019,Carver,MN
1320,27021,Cass,MN
1321,27023,Chippewa,MN
1322,27025,Chisago,MN
1323,27027,Clay,MN
1324,27029,Clearwater,MN
1325,27031,Cook,MN
1326,27033,Cottonwood,MN
1327,27035,Crow Wing,MN
1328,27037,Dakota,MN
1329,27039,Dodge,MN
1330,27041,Douglas,MN
1331,27043,Faribault,MN
1332,27045,Fillmore,MN
1333,27047,Freeborn,MN
1334,27049,Goodhue,MN
1335,27051,Grant,MN
1336,27053,Hennepin,MN
1337,27055,Houston,MN
1338,27057,Hubbard,MN
1339,27059,Isanti,MN
1340,27061,Itasca,MN
1341,27063,Jackson,MN
1342,27065,Kanabec,MN
1343,27067,Kandiyohi,MN
1344,27069,Kittson,MN
1345,27071,Koochiching,MN
1346,27073,Lac qui Parle,MN
1347,27075,Lake,MN
1348,27077,Lake of the Woods,MN
1349,27079,Le Sueur,MN
1350,27081,Lincoln,MN
1351,27083,Lyon,MN
1352,27085,McLeod,MN
1353,27087,Mahnomen,MN
1354,27089,Marshall,MN
1355,27091,Martin,MN
1356,27093,Meeker,MN
1357,27095,Mille Lacs,MN
1358,27097,Morrison,MN
1359,27099,Mower,MN
1360,27101,Murray,MN
1361,27103,Nicollet,MN
1362,27105,Nobles,MN
1363,27107,Norman,MN
1364,27109,Olmsted,MN
1365,27111,Otter Tail,MN
1366,27113,Pennington,MN
1367,27115,Pine,MN
1368,27117,Pipestone,MN
1369,27119,Polk,MN
1370,27121,Pope,MN
1371,27123,Ramsey,MN
1372,27125,Red Lake,MN
1373,27127,Redwood,MN
1374,27129,Renville,MN
1375,27131,Rice,MN
1376,27133,Rock,MN
1377,27135,Roseau,MN
1378,27137,St Louis,MN
1379,27139,Scott,MN
1380,27141,Sherburne,MN
1381,27143,Sibley,MN
1382,27145,Stearns,MN
1383,27147,Steele,MN
1384,27149,Stevens,MN
1385,27151,Swift,MN
1386,27153,Todd,MN
1387,27155,Traverse,MN
1388,27157,Wabasha,MN
1389,27159,Wadena,MN
1390,27161,Waseca,MN
1391,27163,Washington,MN
1392,27165,Watonwan,MN
1393,27167,Wilkin,MN
1394,27169,Winona,MN
1395,27171,Wright,MN
1396,27173,Yellow Medicine,MN
1397,28001,Adams,MS
1398,28003,Alcorn,MS
1399,28005,Amite,MS
1400,28007,Attala,MS
1401,28009,Benton,MS
1402,28011,Bolivar,MS
1403,28013,Calhoun,MS
1404,28015,Carroll,MS
1405,28017,Chickasaw,MS
1406,28019,Choctaw,MS
1407,28021,Claiborne,MS
1408,28023,Clarke,MS
1409,28025,Clay,MS
1410,28027,Coahoma,MS
1411,28029,Copiah,MS
1412,28031,Covington,MS
1413,28033,De Soto,MS
1414,28035,Forrest,MS
1415,28037,Franklin,MS
1416,28039,George,MS
1417,28041,Greene,MS
1418,28043,Grenada,MS
1419,28045,Hancock,MS
1420,28047,Harrison,MS
1421,28049,Hinds,MS
1422,28051,Holmes,MS
1423,28053,Humphreys,MS
1424,28055,Issaquena,MS
1425,28057,Itawamba,MS
1426,28059,Jackson,MS
1427,28061,Jasper,MS
1428,28063,Jefferson,MS
1429,28065,Jefferson Davis,MS
1430,28067,Jones,MS
1431,28069,Kemper,MS
1432,28071,Lafayette,MS
1433,28073,Lamar,MS
1434,28075,Lauderdale,MS
1435,28077,Lawrence,MS
1436,28079,Leake,MS
1437,28081,Lee,MS
1438,28083,Leflore,MS
1439,28085,Lincoln,MS
1440,28087,Lowndes,MS
1441,28089,Madison,MS
1442,28091,Marion,MS
1443,28093,Marshall,MS
1444,28095,Monroe,MS
1445,28097,Montgomery,MS
1446,28099,Neshoba,MS
1447,28101,Newton,MS
1448,28103,Noxubee,MS
1449,28105,Oktibbeha,MS
1450,28107,Panola,MS
1451,28109,Pearl River,MS
1452,28111,Perry,MS
1453,28113,Pike,MS
1454,28115,Pontotoc,MS
1455,28117,Prentiss,MS
1456,28119,Quitman,MS
1457,28121,Rankin,MS
1458,28123,Scott,MS
1459,28125,Sharkey,MS
1460,28127,Simpson,MS
1461,28129,Smith,MS
1462,28131,Stone,MS
1463,28133,Sunflower,MS
1464,28135,Tallahatchie,MS
1465,28137,Tate,MS
1466,28139,Tippah,MS
1467,28141,Tishomingo,MS
1468,28143,Tunica,MS
1469,28145,Union,MS
1470,28147,Walthall,MS
1471,28149,Warren,MS
1472,28151,Washington,MS
1473,28153,Wayne,MS
1474,28155,Webster,MS
1475,28157,Wilkinson,MS
1476,28159,Winston,MS
1477,28161,Yalobusha,MS
1478,28163,Yazoo,MS
1479,29001,Adair,MO
1480,29003,Andrew,MO
1481,29005,Atchison,MO
1482,29007,Audrain,MO
1483,29009,Barry,MO
1484,29011,Barton,MO
1485,29013,Bates,MO
1486,29015,Benton,MO
1487,29017,Bollinger,MO
1488,29019,Boone,MO
1489,29021,Buchanan,MO
1490,29023,Butler,MO
1491,29025,Caldwell,MO
1492,29027,Callaway,MO
1493,29029,Camden,MO
1494,29031,Cape Girardeau,MO
1495,29033,Carroll,MO
1496,29035,Carter,MO
1497,29037,Cass,MO
1498,29039,Cedar,MO
1499,29041,Chariton,MO
1500,29043,Christian,MO
1501,29045,Clark,MO
1502,29047,Clay,MO
1503,29049,Clinton,MO
1504,29051,Cole,MO
1505,29053,Cooper,MO
1506,29055,Crawford,MO
1507,29057,Dade,MO
1508,29059,Dallas,MO
1509,29061,Daviess,MO
1510,29063,De Kalb,MO
1511,29065,Dent,MO
1512,29067,Douglas,MO
1513,29069,Dunklin,MO
1514,29071,Franklin,MO
1515,29073,Gasconade,MO
1516,29075,Gentry,MO
1517,29077,Greene,MO
1518,29079,Grundy,MO
1519,29081,Harrison,MO
1520,29083,Henry,MO
1521,29085,Hickory,MO
1522,29087,Holt,MO
1523,29089,Howard,MO
1524,29091,Howell,MO
1525,29093,Iron,MO
1526,29095,Jackson,MO
1527,29097,Jasper,MO
1528,29099,Jefferson,MO
1529,29101,Johnson,MO
1530,29103,Knox,MO
1531,29105,Laclede,MO
1532,29107,Lafayette,MO
1533,29109,Lawrence,MO
1534,29111,Lewis,MO
1535,29113,Lincoln,MO
1536,29115,Linn,MO
1537,29117,Livingston,MO
1538,29119,McDonald,MO
1539,29121,Macon,MO
1540,29123,Madison,MO
1541,29125,Maries,MO
1542,29127,Marion,MO
1543,29129,Mercer,MO
1544,29131,Miller,MO
1545,29133,Mississippi,MO
1546,29135,Moniteau,MO
1547,29137,Monroe,MO
1548,29139,Montgomery,MO
1549,29141,Morgan,MO
1550,29143,New Madrid,MO
1551,29145,Newton,MO
1552,29147,Nodaway,MO
1553,29149,Oregon,MO
1554,29151,Osage,MO
1555,29153,Ozark,MO
1556,29155,Pemiscot,MO
1557,29157,Perry,MO
1558,29159,Pettis,MO
1559,29161,Phelps,MO
1560,29163,Pike,MO
1561,29165,Platte,MO
1562,29167,Polk,MO
1563,29169,Pulaski,MO
1564,29171,Putnam,MO
1565,29173,Ralls,MO
1566,29175,Randolph,MO
1567,29177,Ray,MO
1568,29179,Reynolds,MO
1569,29181,Ripley,MO
1570,29183,St Charles,MO
1571,29185,St Clair,MO
1572,29186,Ste. Genevieve,MO
1573,29187,St Francois,MO
1574,29189,St Louis,MO
1575,29195,Saline,MO
1576,29197,Schuyler,MO
1577,29199,Scotland,MO
1578,29201,Scott,MO
1579,29203,Shannon,MO
1580,29205,Shelby,MO
1581,29207,Stoddard,MO
1582,29209,Stone,MO
1583,29211,Sullivan,MO
1584,29213,Taney,MO
1585,29215,Texas,MO
1586,29217,Vernon,MO
1587,29219,Warren,MO
1588,29221,Washington,MO
1589,29223,Wayne,MO
1590,29225,Webster,MO
1591,29227,Worth,MO
1592,29229,Wright,MO
1593,29510,St Louis City,MO
1594,30001,Beaverhead,MT
1595,30003,Big Horn,MT
1596,30005,Blaine,MT
1597,30007,Broadwater,MT
1598,30009,Carbon,MT
1599,30011,Carter,MT
1600,30013,Cascade,MT
1601,30015,Chouteau,MT
1602,30017,Custer,MT
1603,30019,Daniels,MT
1604,30021,Dawson,MT
1605,30023,Deer Lodge,MT
1606,30025,Fallon,MT
1607,30027,Fergus,MT
1608,30029,Flathead,MT
1609,30031,Gallatin,MT
1610,30033,Garfield,MT
1611,30035,Glacier,MT
1612,30037,Golden Valley,MT
1613,30039,Granite,MT
1614,30041,Hill,MT
1615,30043,Jefferson,MT
1616,30045,Judith Basin,MT
1617,30047,Lake,MT
1618,30049,Lewis and Clark,MT
1619,30051,Liberty,MT
1620,30053,Lincoln,MT
1621,30055,McCone,MT
1622,30057,Madison,MT
1623,30059,Meagher,MT
1624,30061,Mineral,MT
1625,30063,Missoula,MT
1626,30065,Musselshell,MT
1627,30067,Park,MT
1628,30069,Petroleum,MT
1629,30071,Phillips,MT
1630,30073,Pondera,MT
1631,30075,Powder River,MT
1632,30077,Powell,MT
1633,30079,Prairie,MT
1634,30081,Ravalli,MT
1635,30083,Richland,MT
1636,30085,Roosevelt,MT
1637,30087,Rosebud,MT
1638,30089,Sanders,MT
1639,30091,Sheridan,MT
1640,30093,Silver Bow,MT
1641,30095,Stillwater,MT
1642,30097,Sweet Grass,MT
1643,30099,Teton,MT
1644,30101,Toole,MT
1645,30103,Treasure,MT
1646,30105,Valley,MT
1647,30107,Wheatland,MT
1648,30109,Wibaux,MT
1649,30111,Yellowstone,MT
1650,30113,Yellowstone Nat Park,MT
1651,31001,Adams,NE
1652,31003,Antelope,NE
1653,31005,Arthur,NE
1654,31007,Banner,NE
1655,31009,Blaine,NE
1656,31011,Boone,NE
1657,31013,Box Butte,NE
1658,31015,Boyd,NE
1659,31017,Brown,NE
1660,31019,Buffalo,NE
1661,31021,Burt,NE
1662,31023,Butler,NE
1663,31025,Cass,NE
1664,31027,Cedar,NE
1665,31029,Chase,NE
1666,31031,Cherry,NE
1667,31033,Cheyenne,NE
1668,31035,Clay,NE
1669,31037,Colfax,NE
1670,31039,Cuming,NE
1671,31041,Custer,NE
1672,31043,Dakota,NE
1673,31045,Dawes,NE
1674,31047,Dawson,NE
1675,31049,Deuel,NE
1676,31051,Dixon,NE
1677,31053,Dodge,NE
1678,31055,Douglas,NE
1679,31057,Dundy,NE
1680,31059,Fillmore,NE
1681,31061,Franklin,NE
1682,31063,Frontier,NE
1683,31065,Furnas,NE
1684,31067,Gage,NE
1685,31069,Garden,NE
1686,31071,Garfield,NE
1687,31073,Gosper,NE
1688,31075,Grant,NE
1689,31077,Greeley,NE
1690,31079,Hall,NE
1691,31081,Hamilton,NE
1692,31083,Harlan,NE
1693,31085,Hayes,NE
1694,31087,Hitchcock,NE
1695,31089,Holt,NE
1696,31091,Hooker,NE
1697,31093,Howard,NE
1698,31095,Jefferson,NE
1699,31097,Johnson,NE
1700,31099,Kearney,NE
1701,31101,Keith,NE
1702,31103,Keya Paha,NE
1703,31105,Kimball,NE
1704,31107,Knox,NE
1705,31109,Lancaster,NE
1706,31111,Lincoln,NE
1707,31113,Logan,NE
1708,31115,Loup,NE
1709,31117,McPherson,NE
1710,31119,Madison,NE
1711,31121,Merrick,NE
1712,31123,Morrill,NE
1713,31125,Nance,NE
1714,31127,Nemaha,NE
1715,31129,Nuckolls,NE
1716,31131,Otoe,NE
1717,31133,Pawnee,NE
1718,31135,Perkins,NE
1719,31137,Phelps,NE
1720,31139,Pierce,NE
1721,31141,Platte,NE
1722,31143,Polk,NE
1723,31145,Red Willow,NE
1724,31147,Richardson,NE
1725,31149,Rock,NE
1726,31151,Saline,NE
1727,31153,Sarpy,NE
1728,31155,Saunders,NE
1729,31157,Scotts Bluff,NE
1730,31159,Seward,NE
1731,31161,Sheridan,NE
1732,31163,Sherman,NE
1733,31165,Sioux,NE
1734,31167,Stanton,NE
1735,31169,Thayer,NE
1736,31171,Thomas,NE
1737,31173,Thurston,NE
1738,31175,Valley,NE
1739,31177,Washington,NE
1740,31179,Wayne,NE
1741,31181,Webster,NE
1742,31183,Wheeler,NE
1743,31185,York,NE
1744,32001,Churchill,NV
1745,32003,Clark,NV
1746,32005,Douglas,NV
1747,32007,Elko,NV
1748,32009,Esmeralda,NV
1749,32011,Eureka,NV
1750,32013,Humboldt,NV
1751,32015,Lander,NV
1752,32017,Lincoln,NV
1753,32019,Lyon,NV
1754,32021,Mineral,NV
1755,32023,Nye,NV
1756,32027,Pershing,NV
1757,32029,Storey,NV
1758,32031,Washoe,NV
1759,32033,White Pine,NV
1760,32510,Carson City,NV
1761,33001,Belknap,NH
1762,33003,Carroll,NH
1763,33005,Cheshire,NH
1764,33007,Coos,NH
1765,33009,Grafton,NH
1766,33011,Hillsborough,NH
1767,33013,Merrimack,NH
1768,33015,Rockingham,NH
1769,33017,Strafford,NH
1770,33019,Sullivan,NH
1771,34001,Atlantic,NJ
1772,34003,Bergen,NJ
1773,34005,Burlington,NJ
1774,34007,Camden,NJ
1775,34009,Cape May,NJ
1776,34011,Cumberland,NJ
1777,34013,Essex,NJ
1778,34015,Gloucester,NJ
1779,34017,Hudson,NJ
1780,34019,Hunterdon,NJ
1781,34021,Mercer,NJ
1782,34023,Middlesex,NJ
1783,34025,Monmouth,NJ
1784,34027,Morris,NJ
1785,34029,Ocean,NJ
1786,34031,Passaic,NJ
1787,34033,Salem,NJ
1788,34035,Somerset,NJ
1789,34037,Sussex,NJ
1790,34039,Union,NJ
1791,34041,Warren,NJ
1792,35001,Bernalillo,NM
1793,35003,Catron,NM
1794,35005,Chaves,NM
1795,35006,Cibola,NM
1796,35007,Colfax,NM
1797,35009,Curry,NM
1798,35011,De Baca,NM
1799,35013,Dona Ana,NM
1800,35015,Eddy,NM
1801,35017,Grant,NM
1802,35019,Guadalupe,NM
1803,35021,Harding,NM
1804,35023,Hidalgo,NM
1805,35025,Lea,NM
1806,35027,Lincoln,NM
1807,35028,Los Alamos,NM
1808,35029,Luna,NM
1809,35031,McKinley,NM
1810,35033,Mora,NM
1811,35035,Otero,NM
1812,35037,Quay,NM
1813,35039,Rio Arriba,NM
1814,35041,Roosevelt,NM
1815,35043,Sandoval,NM
1816,35045,San Juan,NM
1817,35047,San Miguel,NM
1818,35049,Santa Fe,NM
1819,35051,Sierra,NM
1820,35053,Socorro,NM
1821,35055,Taos,NM
1822,35057,Torrance,NM
1823,35059,Union,NM
1824,35061,Valencia,NM
1825,36001,Albany,NY
1826,36003,Allegany,NY
1827,36005,Bronx,NY
1828,36007,Broome,NY
1829,36009,Cattaraugus,NY
1830,36011,Cayuga,NY
1831,36013,Chautauqua,NY
1832,36015,Chemung,NY
1833,36017,Chenango,NY
1834,36019,Clinton,NY
1835,36021,Columbia,NY
1836,36023,Cortland,NY
1837,36025,Delaware,NY
1838,36027,Dutchess,NY
1839,36029,Erie,NY
1840,36031,Essex,NY
1841,36033,Franklin,NY
1842,36035,Fulton,NY
1843,36037,Genesee,NY
1844,36039,Greene,NY
1845,36041,Hamilton,NY
1846,36043,Herkimer,NY
1847,36045,Jefferson,NY
1848,36047,Kings,NY
1849,36049,Lewis,NY
1850,36051,Livingston,NY
1851,36053,Madison,NY
1852,36055,Monroe,NY
1853,36057,Montgomery,NY
1854,36059,Nassau,NY
1855,36061,New York,NY
1856,36063,Niagara,NY
1857,36065,Oneida,NY
1858,36067,Onondaga,NY
1859,36069,Ontario,NY
1860,36071,Orange,NY
1861,36073,Orleans,NY
1862,36075,Oswego,NY
1863,36077,Otsego,NY
1864,36079,Putnam,NY
1865,36081,Queens,NY
1866,36083,Rensselaer,NY
1867,36085,Richmond,NY
1868,36087,Rockland,NY
1869,36089,St Lawrence,NY
1870,36091,Saratoga,NY
1871,36093,Schenectady,NY
1872,36095,Schoharie,NY
1873,36097,Schuyler,NY
1874,36099,Seneca,NY
1875,36101,Steuben,NY
1876,36103,Suffolk,NY
1877,36105,Sullivan,NY
1878,36107,Tioga,NY
1879,36109,Tompkins,NY
1880,36111,Ulster,NY
1881,36113,Warren,NY
1882,36115,Washington,NY
1883,36117,Wayne,NY
1884,36119,Westchester,NY
1885,36121,Wyoming,NY
1886,36123,Yates,NY
1887,37001,Alamance,NC
1888,37003,Alexander,NC
1889,37005,Alleghany,NC
1890,37007,Anson,NC
1891,37009,Ashe,NC
1892,37011,Avery,NC
1893,37013,Beaufort,NC
1894,37015,Bertie,NC
1895,37017,Bladen,NC
1896,37019,Brunswick,NC
1897,37021,Buncombe,NC
1898,37023,Burke,NC
1899,37025,Cabarrus,NC
1900,37027,Caldwell,NC
1901,37029,Camden,NC
1902,37031,Carteret,NC
1903,37033,Caswell,NC
1904,37035,Catawba,NC
1905,37037,Chatham,NC
1906,37039,Cherokee,NC
1907,37041,Chowan,NC
1908,37043,Clay,NC
1909,37045,Cleveland,NC
1910,37047,Columbus,NC
1911,37049,Craven,NC
1912,37051,Cumberland,NC
1913,37053,Currituck,NC
1914,37055,Dare,NC
1915,37057,Davidson,NC
1916,37059,Davie,NC
1917,37061,Duplin,NC
1918,37063,Durham,NC
1919,37065,Edgecombe,NC
1920,37067,Forsyth,NC
1921,37069,Franklin,NC
1922,37071,Gaston,NC
1923,37073,Gates,NC
1924,37075,Graham,NC
1925,37077,Granville,NC
1926,37079,Greene,NC
1927,37081,Guilford,NC
1928,37083,Halifax,NC
1929,37085,Harnett,NC
1930,37087,Haywood,NC
1931,37089,Henderson,NC
1932,37091,Hertford,NC
1933,37093,Hoke,NC
1934,37095,Hyde,NC
1935,37097,Iredell,NC
1936,37099,Jackson,NC
1937,37101,Johnston,NC
1938,37103,Jones,NC
1939,37105,Lee,NC
1940,37107,Lenoir,NC
1941,37109,Lincoln,NC
1942,37111,McDowell,NC
1943,37113,Macon,NC
1944,37115,Madison,NC
1945,37117,Martin,NC
1946,37119,Mecklenburg,NC
1947,37121,Mitchell,NC
1948,37123,Montgomery,NC
1949,37125,Moore,NC
1950,37127,Nash,NC
1951,37129,New Hanover,NC
1952,37131,Northampton,NC
1953,37133,Onslow,NC
1954,37135,Orange,NC
1955,37137,Pamlico,NC
1956,37139,Pasquotank,NC
1957,37141,Pender,NC
1958,37143,Perquimans,NC
1959,37145,Person,NC
1960,37147,Pitt,NC
1961,37149,Polk,NC
1962,37151,Randolph,NC
1963,37153,Richmond,NC
1964,37155,Robeson,NC
1965,37157,Rockingham,NC
1966,37159,Rowan,NC
1967,37161,Rutherford,NC
1968,37163,Sampson,NC
1969,37165,Scotland,NC
1970,37167,Stanly,NC
1971,37169,Stokes,NC
1972,37171,Surry,NC
1973,37173,Swain,NC
1974,37175,Transylvania,NC
1975,37177,Tyrrell,NC
1976,37179,Union,NC
1977,37181,Vance,NC
1978,37183,Wake,NC
1979,37185,Warren,NC
1980,37187,Washington,NC
1981,37189,Watauga,NC
1982,37191,Wayne,NC
1983,37193,Wilkes,NC
1984,37195,Wilson,NC
1985,37197,Yadkin,NC
1986,37199,Yancey,NC
1987,38001,Adams,ND
1988,38003,Barnes,ND
1989,38005,Benson,ND
1990,38007,Billings,ND
1991,38009,Bottineau,ND
1992,38011,Bowman,ND
1993,38013,Burke,ND
1994,38015,Burleigh,ND
1995,38017,Cass,ND
1996,38019,Cavalier,ND
1997,38021,Dickey,ND
1998,38023,Divide,ND
1999,38025,Dunn,ND
2000,38027,Eddy,ND
2001,38029,Emmons,ND
2002,38031,Foster,ND
2003,38033,Golden Valley,ND
2004,38035,Grand Forks,ND
2005,38037,Grant,ND
2006,38039,Griggs,ND
2007,38041,Hettinger,ND
2008,38043,Kidder,ND
2009,38045,La Moure,ND
2010,38047,Logan,ND
2011,38049,McHenry,ND
2012,38051,McIntosh,ND
2013,38053,McKenzie,ND
2014,38055,McLean,ND
2015,38057,Mercer,ND
2016,38059,Morton,ND
2017,38061,Mountrail,ND
2018,38063,Nelson,ND
2019,38065,Oliver,ND
2020,38067,Pembina,ND
2021,38069,Pierce,ND
2022,38071,Ramsey,ND
2023,38073,Ransom,ND
2024,38075,Renville,ND
2025,38077,Richland,ND
2026,38079,Rolette,ND
2027,38081,Sargent,ND
2028,38083,Sheridan,ND
2029,38085,Sioux,ND
2030,38087,Slope,ND
2031,38089,Stark,ND
2032,38091,Steele,ND
2033,38093,Stutsman,ND
2034,38095,Towner,ND
2035,38097,Traill,ND
2036,38099,Walsh,ND
2037,38101,Ward,ND
2038,38103,Wells,ND
2039,38105,Williams,ND
2040,39001,Adams,OH
2041,39003,Allen,OH
2042,39005,Ashland,OH
2043,39007,Ashtabula,OH
2044,39009,Athens,OH
2045,39011,Auglaize,OH
2046,39013,Belmont,OH
2047,39015,Brown,OH
2048,39017,Butler,OH
2049,39019,Carroll,OH
2050,39021,Champaign,OH
2051,39023,Clark,OH
2052,39025,Clermont,OH
2053,39027,Clinton,OH
2054,39029,Columbiana,OH
2055,39031,Coshocton,OH
2056,39033,Crawford,OH
2057,39035,Cuyahoga,OH
2058,39037,Darke,OH
2059,39039,Defiance,OH
2060,39041,Delaware,OH
2061,39043,Erie,OH
2062,39045,Fairfield,OH
2063,39047,Fayette,OH
2064,39049,Franklin,OH
2065,39051,Fulton,OH
2066,39053,Gallia,OH
2067,39055,Geauga,OH
2068,39057,Greene,OH
2069,39059,Guernsey,OH
2070,39061,Hamilton,OH
2071,39063,Hancock,OH
2072,39065,Hardin,OH
2073,39067,Harrison,OH
2074,39069,Henry,OH
2075,39071,Highland,OH
2076,39073,Hocking,OH
2077,39075,Holmes,OH
2078,39077,Huron,OH
2079,39079,Jackson,OH
2080,39081,Jefferson,OH
2081,39083,Knox,OH
2082,39085,Lake,OH
2083,39087,Lawrence,OH
2084,39089,Licking,OH
2085,39091,Logan,OH
2086,39093,Lorain,OH
2087,39095,Lucas,OH
2088,39097,Madison,OH
2089,39099,Mahoning,OH
2090,39101,Marion,OH
2091,39103,Medina,OH
2092,39105,Meigs,OH
2093,39107,Mercer,OH
2094,39109,Miami,OH
2095,39111,Monroe,OH
2096,39113,Montgomery,OH
2097,39115,Morgan,OH
2098,39117,Morrow,OH
2099,39119,Muskingum,OH
2100,39121,Noble,OH
2101,39123,Ottawa,OH
2102,39125,Paulding,OH
2103,39127,Perry,OH
2104,39129,Pickaway,OH
2105,39131,Pike,OH
2106,39133,Portage,OH
2107,39135,Preble,OH
2108,39137,Putnam,OH
2109,39139,Richland,OH
2110,39141,Ross,OH
2111,39143,Sandusky,OH
2112,39145,Scioto,OH
2113,39147,Seneca,OH
2114,39149,Shelby,OH
2115,39151,Stark,OH
2116,39153,Summit,OH
2117,39155,Trumbull,OH
2118,39157,Tuscarawas,OH
2119,39159,Union,OH
2120,39161,Van Wert,OH
2121,39163,Vinton,OH
2122,39165,Warren,OH
2123,39167,Washington,OH
2124,39169,Wayne,OH
2125,39171,Williams,OH
2126,39173,Wood,OH
2127,39175,Wyandot,OH
2128,40001,Adair,OK
2129,40003,Alfalfa,OK
2130,40005,Atoka,OK
2131,40007,Beaver,OK
2132,40009,Beckham,OK
2133,40011,Blaine,OK
2134,40013,Bryan,OK
2135,40015,Caddo,OK
2136,40017,Canadian,OK
2137,40019,Carter,OK
2138,40021,Cherokee,OK
2139,40023,Choctaw,OK
2140,40025,Cimarron,OK
2141,40027,Cleveland,OK
2142,40029,Coal,OK
2143,40031,Comanche,OK
2144,40033,Cotton,OK
2145,40035,Craig,OK
2146,40037,Creek,OK
2147,40039,Custer,OK
2148,40041,Delaware,OK
2149,40043,Dewey,OK
2150,40045,Ellis,OK
2151,40047,Garfield,OK
2152,40049,Garvin,OK
2153,40051,Grady,OK
2154,40053,Grant,OK
2155,40055,Greer,OK
2156,40057,Harmon,OK
2157,40059,Harper,OK
2158,40061,Haskell,OK
2159,40063,Hughes,OK
2160,40065,Jackson,OK
2161,40067,Jefferson,OK
2162,40069,Johnston,OK
2163,40071,Kay,OK
2164,40073,Kingfisher,OK
2165,40075,Kiowa,OK
2166,40077,Latimer,OK
2167,40079,Le Flore,OK
2168,40081,Lincoln,OK
2169,40083,Logan,OK
2170,40085,Love,OK
2171,40087,McClain,OK
2172,40089,McCurtain,OK
2173,40091,McIntosh,OK
2174,40093,Major,OK
2175,40095,Marshall,OK
2176,40097,Mayes,OK
2177,40099,Murray,OK
2178,40101,Muskogee,OK
2179,40103,Noble,OK
2180,40105,Nowata,OK
2181,40107,Okfuskee,OK
2182,40109,Oklahoma,OK
2183,40111,Okmulgee,OK
2184,40113,Osage,OK
2185,40115,Ottawa,OK
2186,40117,Pawnee,OK
2187,40119,Payne,OK
2188,40121,Pittsburg,OK
2189,40123,Pontotoc,OK
2190,40125,Pottawatomie,OK
2191,40127,Pushmataha,OK
2192,40129,Roger Mills,OK
2193,40131,Rogers,OK
2194,40133,Seminole,OK
2195,40135,Sequoyah,OK
2196,40137,Stephens,OK
2197,40139,Texas,OK
2198,40141,Tillman,OK
2199,40143,Tulsa,OK
2200,40145,Wagoner,OK
2201,40147,Washington,OK
2202,40149,Washita,OK
2203,40151,Woods,OK
2204,40153,Woodward,OK
2205,41001,Baker,OR
2206,41003,Benton,OR
2207,41005,Clackamas,OR
2208,41007,Clatsop,OR
2209,41009,Columbia,OR
2210,41011,Coos,OR
2211,41013,Crook,OR
2212,41015,Curry,OR
2213,41017,Deschutes,OR
2214,41019,Douglas,OR
2215,41021,Gilliam,OR
2216,41023,Grant,OR
2217,41025,Harney,OR
2218,41027,Hood River,OR
2219,41029,Jackson,OR
2220,41031,Jefferson,OR
2221,41033,Josephine,OR
2222,41035,Klamath,OR
2223,41037,Lake,OR
2224,41039,Lane,OR
2225,41041,Lincoln,OR
2226,41043,Linn,OR
2227,41045,Malheur,OR
2228,41047,Marion,OR
2229,41049,Morrow,OR
2230,41051,Multnomah,OR
2231,41053,Polk,OR
2232,41055,Sherman,OR
2233,41057,Tillamook,OR
2234,41059,Umatilla,OR
2235,41061,Union,OR
2236,41063,Wallowa,OR
2237,41065,Wasco,OR
2238,41067,Washington,OR
2239,41069,Wheeler,OR
2240,41071,Yamhill,OR
2241,42001,Adams,PA
2242,42003,Allegheny,PA
2243,42005,Armstrong,PA
2244,42007,Beaver,PA
2245,42009,Bedford,PA
2246,42011,Berks,PA
2247,42013,Blair,PA
2248,42015,Bradford,PA
2249,42017,Bucks,PA
2250,42019,Butler,PA
2251,42021,Cambria,PA
2252,42023,Cameron,PA
2253,42025,Carbon,PA
2254,42027,Centre,PA
2255,42029,Chester,PA
2256,42031,Clarion,PA
2257,42033,Clearfield,PA
2258,42035,Clinton,PA
2259,42037,Columbia,PA
2260,42039,Crawford,PA
2261,42041,Cumberland,PA
2262,42043,Dauphin,PA
2263,42045,Delaware,PA
2264,42047,Elk,PA
2265,42049,Erie,PA
2266,42051,Fayette,PA
2267,42053,Forest,PA
2268,42055,Franklin,PA
2269,42057,Fulton,PA
2270,42059,Greene,PA
2271,42061,Huntingdon,PA
2272,42063,Indiana,PA
2273,42065,Jefferson,PA
2274,42067,Juniata,PA
2275,42069,Lackawanna,PA
2276,42071,Lancaster,PA
2277,42073,Lawrence,PA
2278,42075,Lebanon,PA
2279,42077,Lehigh,PA
2280,42079,Luzerne,PA
2281,42081,Lycoming,PA
2282,42083,McKean,PA
2283,42085,Mercer,PA
2284,42087,Mifflin,PA
2285,42089,Monroe,PA
2286,42091,Montgomery,PA
2287,42093,Montour,PA
2288,42095,Northampton,PA
2289,42097,Northumberland,PA
2290,42099,Perry,PA
2291,42101,Philadelphia,PA
2292,42103,Pike,PA
2293,42105,Potter,PA
2294,42107,Schuylkill,PA
2295,42109,Snyder,PA
2296,42111,Somerset,PA
2297,42113,Sullivan,PA
2298,42115,Susquehanna,PA
2299,42117,Tioga,PA
2300,42119,Union,PA
2301,42121,Venango,PA
2302,42123,Warren,PA
2303,42125,Washington,PA
2304,42127,Wayne,PA
2305,42129,Westmoreland,PA
2306,42131,Wyoming,PA
2307,42133,York,PA
2308,44001,Bristol,RI
2309,44003,Kent,RI
2310,44005,Newport,RI
2311,44007,Providence,RI
2312,44009,Washington,RI
2313,45001,Abbeville,SC
2314,45003,Aiken,SC
2315,45005,Allendale,SC
2316,45007,Anderson,SC
2317,45009,Bamberg,SC
2318,45011,Barnwell,SC
2319,45013,Beaufort,SC
2320,45015,Berkeley,SC
2321,45017,Calhoun,SC
2322,45019,Charleston,SC
2323,45021,Cherokee,SC
2324,45023,Chester,SC
2325,45025,Chesterfield,SC
2326,45027,Clarendon,SC
2327,45029,Colleton,SC
2328,45031,Darlington,SC
2329,45033,Dillon,SC
2330,45035,Dorchester,SC
2331,45037,Edgefield,SC
2332,45039,Fairfield,SC
2333,45041,Florence,SC
2334,45043,Georgetown,SC
2335,45045,Greenville,SC
2336,45047,Greenwood,SC
2337,45049,Hampton,SC
2338,45051,Horry,SC
2339,45053,Jasper,SC
2340,45055,Kershaw,SC
2341,45057,Lancaster,SC
2342,45059,Laurens,SC
2343,45061,Lee,SC
2344,45063,Lexington,SC
2345,45065,McCormick,SC
2346,45067,Marion,SC
2347,45069,Marlboro,SC
2348,45071,Newberry,SC
2349,45073,Oconee,SC
2350,45075,Orangeburg,SC
2351,45077,Pickens,SC
2352,45079,Richland,SC
2353,45081,Saluda,SC
2354,45083,Spartanburg,SC
2355,45085,Sumter,SC
2356,45087,Union,SC
2357,45089,Williamsburg,SC
2358,45091,York,SC
2359,46003,Aurora,SD
2360,46005,Beadle,SD
2361,46007,Bennett,SD
2362,46009,Bon Homme,SD
2363,46011,Brookings,SD
2364,46013,Brown,SD
2365,46015,Brule,SD
2366,46017,Buffalo,SD
2367,46019,Butte,SD
2368,46021,Campbell,SD
2369,46023,Charles Mix,SD
2370,46025,Clark,SD
2371,46027,Clay,SD
2372,46029,Codington,SD
2373,46031,Corson,SD
2374,46033,Custer,SD
2375,46035,Davison,SD
2376,46037,Day,SD
2377,46039,Deuel,SD
2378,46041,Dewey,SD
2379,46043,Douglas,SD
2380,46045,Edmunds,SD
2381,46047,Fall River,SD
2382,46049,Faulk,SD
2383,46051,Grant,SD
2384,46053,Gregory,SD
2385,46055,Haakon,SD
2386,46057,Hamlin,SD
2387,46059,Hand,SD
2388,46061,Hanson,SD
2389,46063,Harding,SD
2390,46065,Hughes,SD
2391,46067,Hutchinson,SD
2392,46069,Hyde,SD
2393,46071,Jackson,SD
2394,46073,Jerauld,SD
2395,46075,Jones,SD
2396,46077,Kingsbury,SD
2397,46079,Lake,SD
2398,46081,Lawrence,SD
2399,46083,Lincoln,SD
2400,46085,Lyman,SD
2401,46087,McCook,SD
2402,46089,McPherson,SD
2403,46091,Marshall,SD
2404,46093,Meade,SD
2405,46095,Mellette,SD
2406,46097,Miner,SD
2407,46099,Minnehaha,SD
2408,46101,Moody,SD
2409,46103,Pennington,SD
2410,46105,Perkins,SD
2411,46107,Potter,SD
2412,46109,Roberts,SD
2413,46111,Sanborn,SD
2414,46113,Shannon,SD
2415,46115,Spink,SD
2416,46117,Stanley,SD
2417,46119,Sully,SD
2418,46121,Todd,SD
2419,46123,Tripp,SD
2420,46125,Turner,SD
2421,46127,Union,SD
2422,46129,Walworth,SD
2423,46135,Yankton,SD
2424,46137,Ziebach,SD
2425,47001,Anderson,TN
2426,47003,Bedford,TN
2427,47005,Benton,TN
2428,47007,Bledsoe,TN
2429,47009,Blount,TN
2430,47011,Bradley,TN
2431,47013,Campbell,TN
2432,47015,Cannon,TN
2433,47017,Carroll,TN
2434,47019,Carter,TN
2435,47021,Cheatham,TN
2436,47023,Chester,TN
2437,47025,Claiborne,TN
2438,47027,Clay,TN
2439,47029,Cocke,TN
2440,47031,Coffee,TN
2441,47033,Crockett,TN
2442,47035,Cumberland,TN
2443,47037,Davidson,TN
2444,47039,Decatur,TN
2445,47041,De Kalb,TN
2446,47043,Dickson,TN
2447,47045,Dyer,TN
2448,47047,Fayette,TN
2449,47049,Fentress,TN
2450,47051,Franklin,TN
2451,47053,Gibson,TN
2452,47055,Giles,TN
2453,47057,Grainger,TN
2454,47059,Greene,TN
2455,47061,Grundy,TN
2456,47063,Hamblen,TN
2457,47065,Hamilton,TN
2458,47067,Hancock,TN
2459,47069,Hardeman,TN
2460,47071,Hardin,TN
2461,47073,Hawkins,TN
2462,47075,Haywood,TN
2463,47077,Henderson,TN
2464,47079,Henry,TN
2465,47081,Hickman,TN
2466,47083,Houston,TN
2467,47085,Humphreys,TN
2468,47087,Jackson,TN
2469,47089,Jefferson,TN
2470,47091,Johnson,TN
2471,47093,Knox,TN
2472,47095,Lake,TN
2473,47097,Lauderdale,TN
2474,47099,Lawrence,TN
2475,47101,Lewis,TN
2476,47103,Lincoln,TN
2477,47105,Loudon,TN
2478,47107,McMinn,TN
2479,47109,McNairy,TN
2480,47111,Macon,TN
2481,47113,Madison,TN
2482,47115,Marion,TN
2483,47117,Marshall,TN
2484,47119,Maury,TN
2485,47121,Meigs,TN
2486,47123,Monroe,TN
2487,47125,Montgomery,TN
2488,47127,Moore,TN
2489,47129,Morgan,TN
2490,47131,Obion,TN
2491,47133,Overton,TN
2492,47135,Perry,TN
2493,47137,Pickett,TN
2494,47139,Polk,TN
2495,47141,Putnam,TN
2496,47143,Rhea,TN
2497,47145,Roane,TN
2498,47147,Robertson,TN
2499,47149,Rutherford,TN
2500,47151,Scott,TN
2501,47153,Sequatchie,TN
2502,47155,Sevier,TN
2503,47157,Shelby,TN
2504,47159,Smith,TN
2505,47161,Stewart,TN
2506,47163,Sullivan,TN
2507,47165,Sumner,TN
2508,47167,Tipton,TN
2509,47169,Trousdale,TN
2510,47171,Unicoi,TN
2511,47173,Union,TN
2512,47175,Van Buren,TN
2513,47177,Warren,TN
2514,47179,Washington,TN
2515,47181,Wayne,TN
2516,47183,Weakley,TN
2517,47185,White,TN
2518,47187,Williamson,TN
2519,47189,Wilson,TN
2520,48001,Anderson,TX
2521,48003,Andrews,TX
2522,48005,Angelina,TX
2523,48007,Aransas,TX
2524,48009,Archer,TX
2525,48011,Armstrong,TX
2526,48013,Atascosa,TX
2527,48015,Austin,TX
2528,48017,Bailey,TX
2529,48019,Bandera,TX
2530,48021,Bastrop,TX
2531,48023,Baylor,TX
2532,48025,Bee,TX
2533,48027,Bell,TX
2534,48029,Bexar,TX
2535,48031,Blanco,TX
2536,48033,Borden,TX
2537,48035,Bosque,TX
2538,48037,Bowie,TX
2539,48039,Brazoria,TX
2540,48041,Brazos,TX
2541,48043,Brewster,TX
2542,48045,Briscoe,TX
2543,48047,Brooks,TX
2544,48049,Brown,TX
2545,48051,Burleson,TX
2546,48053,Burnet,TX
2547,48055,Caldwell,TX
2548,48057,Calhoun,TX
2549,48059,Callahan,TX
2550,48061,Cameron,TX
2551,48063,Camp,TX
2552,48065,Carson,TX
2553,48067,Cass,TX
2554,48069,Castro,TX
2555,48071,Chambers,TX
2556,48073,Cherokee,TX
2557,48075,Childress,TX
2558,48077,Clay,TX
2559,48079,Cochran,TX
2560,48081,Coke,TX
2561,48083,Coleman,TX
2562,48085,Collin,TX
2563,48087,Collingsworth,TX
2564,48089,Colorado,TX
2565,48091,Comal,TX
2566,48093,Comanche,TX
2567,48095,Concho,TX
2568,48097,Cooke,TX
2569,48099,Coryell,TX
2570,48101,Cottle,TX
2571,48103,Crane,TX
2572,48105,Crockett,TX
2573,48107,Crosby,TX
2574,48109,Culberson,TX
2575,48111,Dallam,TX
2576,48113,Dallas,TX
2577,48115,Dawson,TX
2578,48117,Deaf Smith,TX
2579,48119,Delta,TX
2580,48121,Denton,TX
2581,48123,De Witt,TX
2582,48125,Dickens,TX
2583,48127,Dimmit,TX
2584,48129,Donley,TX
2585,48131,Duval,TX
2586,48133,Eastland,TX
2587,48135,Ector,TX
2588,48137,Edwards,TX
2589,48139,Ellis,TX
2590,48141,El Paso,TX
2591,48143,Erath,TX
2592,48145,Falls,TX
2593,48147,Fannin,TX
2594,48149,Fayette,TX
2595,48151,Fisher,TX
2596,48153,Floyd,TX
2597,48155,Foard,TX
2598,48157,Fort Bend,TX
2599,48159,Franklin,TX
2600,48161,Freestone,TX
2601,48163,Frio,TX
2602,48165,Gaines,TX
2603,48167,Galveston,TX
2604,48169,Garza,TX
2605,48171,Gillespie,TX
2606,48173,Glasscock,TX
2607,48175,Goliad,TX
2608,48177,Gonzales,TX
2609,48179,Gray,TX
2610,48181,Grayson,TX
2611,48183,Gregg,TX
2612,48185,Grimes,TX
2613,48187,Guadalupe,TX
2614,48189,Hale,TX
2615,48191,Hall,TX
2616,48193,Hamilton,TX
2617,48195,Hansford,TX
2618,48197,Hardeman,TX
2619,48199,Hardin,TX
2620,48201,Harris,TX
2621,48203,Harrison,TX
2622,48205,Hartley,TX
2623,48207,Haskell,TX
2624,48209,Hays,TX
2625,48211,Hemphill,TX
2626,48213,Henderson,TX
2627,48215,Hidalgo,TX
2628,48217,Hill,TX
2629,48219,Hockley,TX
2630,48221,Hood,TX
2631,48223,Hopkins,TX
2632,48225,Houston,TX
2633,48227,Howard,TX
2634,48229,Hudspeth,TX
2635,48231,Hunt,TX
2636,48233,Hutchinson,TX
2637,48235,Irion,TX
2638,48237,Jack,TX
2639,48239,Jackson,TX
2640,48241,Jasper,TX
2641,48243,Jeff Davis,TX
2642,48245,Jefferson,TX
2643,48247,Jim Hogg,TX
2644,48249,Jim Wells,TX
2645,48251,Johnson,TX
2646,48253,Jones,TX
2647,48255,Karnes,TX
2648,48257,Kaufman,TX
2649,48259,Kendall,TX
2650,48261,Kenedy,TX
2651,48263,Kent,TX
2652,48265,Kerr,TX
2653,48267,Kimble,TX
2654,48269,King,TX
2655,48271,Kinney,TX
2656,48273,Kleberg,TX
2657,48275,Knox,TX
2658,48277,Lamar,TX
2659,48279,Lamb,TX
2660,48281,Lampasas,TX
2661,48283,La Salle,TX
2662,48285,Lavaca,TX
2663,48287,Lee,TX
2664,48289,Leon,TX
2665,48291,Liberty,TX
2666,48293,Limestone,TX
2667,48295,Lipscomb,TX
2668,48297,Live Oak,TX
2669,48299,Llano,TX
2670,48301,Loving,TX
2671,48303,Lubbock,TX
2672,48305,Lynn,TX
2673,48307,McCulloch,TX
2674,48309,McLennan,TX
2675,48311,McMullen,TX
2676,48313,Madison,TX
2677,48315,Marion,TX
2678,48317,Martin,TX
2679,48319,Mason,TX
2680,48321,Matagorda,TX
2681,48323,Maverick,TX
2682,48325,Medina,TX
2683,48327,Menard,TX
2684,48329,Midland,TX
2685,48331,Milam,TX
2686,48333,Mills,TX
2687,48335,Mitchell,TX
2688,48337,Montague,TX
2689,48339,Montgomery,TX
2690,48341,Moore,TX
2691,48343,Morris,TX
2692,48345,Motley,TX
2693,48347,Nacogdoches,TX
2694,48349,Navarro,TX
2695,48351,Newton,TX
2696,48353,Nolan,TX
2697,48355,Nueces,TX
2698,48357,Ochiltree,TX
2699,48359,Oldham,TX
2700,48361,Orange,TX
2701,48363,Palo Pinto,TX
2702,48365,Panola,TX
2703,48367,Parker,TX
2704,48369,Parmer,TX
2705,48371,Pecos,TX
2706,48373,Polk,TX
2707,48375,Potter,TX
2708,48377,Presidio,TX
2709,48379,Rains,TX
2710,48381,Randall,TX
2711,48383,Reagan,TX
2712,48385,Real,TX
2713,48387,Red River,TX
2714,48389,Reeves,TX
2715,48391,Refugio,TX
2716,48393,Roberts,TX
2717,48395,Robertson,TX
2718,48397,Rockwall,TX
2719,48399,Runnels,TX
2720,48401,Rusk,TX
2721,48403,Sabine,TX
2722,48405,San Augustine,TX
2723,48407,San Jacinto,TX
2724,48409,San Patricio,TX
2725,48411,San Saba,TX
2726,48413,Schleicher,TX
2727,48415,Scurry,TX
2728,48417,Shackelford,TX
2729,48419,Shelby,TX
2730,48421,Sherman,TX
2731,48423,Smith,TX
2732,48425,Somervell,TX
2733,48427,Starr,TX
2734,48429,Stephens,TX
2735,48431,Sterling,TX
2736,48433,Stonewall,TX
2737,48435,Sutton,TX
2738,48437,Swisher,TX
2739,48439,Tarrant,TX
2740,48441,Taylor,TX
2741,48443,Terrell,TX
2742,48445,Terry,TX
2743,48447,Throckmorton,TX
2744,48449,Titus,TX
2745,48451,Tom Green,TX
2746,48453,Travis,TX
2747,48455,Trinity,TX
2748,48457,Tyler,TX
2749,48459,Upshur,TX
2750,48461,Upton,TX
2751,48463,Uvalde,TX
2752,48465,Val Verde,TX
2753,48467,Van Zandt,TX
2754,48469,Victoria,TX
2755,48471,Walker,TX
2756,48473,Waller,TX
2757,48475,Ward,TX
2758,48477,Washington,TX
2759,48479,Webb,TX
2760,48481,Wharton,TX
2761,48483,Wheeler,TX
2762,48485,Wichita,TX
2763,48487,Wilbarger,TX
2764,48489,Willacy,TX
2765,48491,Williamson,TX
2766,48493,Wilson,TX
2767,48495,Winkler,TX
2768,48497,Wise,TX
2769,48499,Wood,TX
2770,48501,Yoakum,TX
2771,48503,Young,TX
2772,48505,Zapata,TX
2773,48507,Zavala,TX
2774,49001,Beaver,UT
2775,49003,Box Elder,UT
2776,49005,Cache,UT
2777,49007,Carbon,UT
2778,49009,Daggett,UT
2779,49011,Davis,UT
2780,49013,Duchesne,UT
2781,49015,Emery,UT
2782,49017,Garfield,UT
2783,49019,Grand,UT
2784,49021,Iron,UT
2785,49023,Juab,UT
2786,49025,Kane,UT
2787,49027,Millard,UT
2788,49029,Morgan,UT
2789,49031,Piute,UT
2790,49033,Rich,UT
2791,49035,Salt Lake,UT
2792,49037,San Juan,UT
2793,49039,Sanpete,UT
2794,49041,Sevier,UT
2795,49043,Summit,UT
2796,49045,Tooele,UT
2797,49047,Uintah,UT
2798,49049,Utah,UT
2799,49051,Wasatch,UT
2800,49053,Washington,UT
2801,49055,Wayne,UT
2802,49057,Weber,UT
2803,50001,Addison,VT
2804,50003,Bennington,VT
2805,50005,Caledonia,VT
2806,50007,Chittenden,VT
2807,50009,Essex,VT
2808,50011,Franklin,VT
2809,50013,Grand Isle,VT
2810,50015,Lamoille,VT
2811,50017,Orange,VT
2812,50019,Orleans,VT
2813,50021,Rutland,VT
2814,50023,Washington,VT
2815,50025,Windham,VT
2816,50027,Windsor,VT
2817,51001,Accomack,VA
2818,51003,Albemarle,VA
2819,51005,Alleghany,VA
2820,51007,Amelia,VA
2821,51009,Amherst,VA
2822,51011,Appomattox,VA
2823,51013,Arlington,VA
2824,51015,Augusta,VA
2825,51017,Bath,VA
2826,51019,Bedford,VA
2827,51021,Bland,VA
2828,51023,Botetourt,VA
2829,51025,Brunswick,VA
2830,51027,Buchanan,VA
2831,51029,Buckingham,VA
2832,51031,Campbell,VA
2833,51033,Caroline,VA
2834,51035,Carroll,VA
2835,51036,Charles City,VA
2836,51037,Charlotte,VA
2837,51041,Chesterfield,VA
2838,51043,Clarke,VA
2839,51045,Craig,VA
2840,51047,Culpeper,VA
2841,51049,Cumberland,VA
2842,51051,Dickenson,VA
2843,51053,Dinwiddie,VA
2844,51057,Essex,VA
2845,51059,Fairfax,VA
2846,51061,Fauquier,VA
2847,51063,Floyd,VA
2848,51065,Fluvanna,VA
2849,51067,Franklin,VA
2850,51069,Frederick,VA
2851,51071,Giles,VA
2852,51073,Gloucester,VA
2853,51075,Goochland,VA
2854,51077,Grayson,VA
2855,51079,Greene,VA
2856,51081,Greensville,VA
2857,51083,Halifax,VA
2858,51085,Hanover,VA
2859,51087,Henrico,VA
2860,51089,Henry,VA
2861,51091,Highland,VA
2862,51093,Isle of Wight,VA
2863,51095,James City,VA
2864,51097,King and Queen,VA
2865,51099,King George,VA
2866,51101,King William,VA
2867,51103,Lancaster,VA
2868,51105,Lee,VA
2869,51107,Loudoun,VA
2870,51109,Louisa,VA
2871,51111,Lunenburg,VA
2872,51113,Madison,VA
2873,51115,Mathews,VA
2874,51117,Mecklenburg,VA
2875,51119,Middlesex,VA
2876,51121,Montgomery,VA
2877,51125,Nelson,VA
2878,51127,New Kent,VA
2879,51131,Northampton,VA
2880,51133,Northumberland,VA
2881,51135,Nottoway,VA
2882,51137,Orange,VA
2883,51139,Page,VA
2884,51141,Patrick,VA
2885,51143,Pittsylvania,VA
2886,51145,Powhatan,VA
2887,51147,Prince Edward,VA
2888,51149,Prince George,VA
2889,51153,Prince William,VA
2890,51155,Pulaski,VA
2891,51157,Rappahannock,VA
2892,51159,Richmond,VA
2893,51161,Roanoke,VA
2894,51163,Rockbridge,VA
2895,51165,Rockingham,VA
2896,51167,Russell,VA
2897,51169,Scott,VA
2898,51171,Shenandoah,VA
2899,51173,Smyth,VA
2900,51175,Southampton,VA
2901,51177,Spotsylvania,VA
2902,51179,Stafford,VA
2903,51181,Surry,VA
2904,51183,Sussex,VA
2905,51185,Tazewell,VA
2906,51187,Warren,VA
2907,51191,Washington,VA
2908,51193,Westmoreland,VA
2909,51195,Wise,VA
2910,51197,Wythe,VA
2911,51199,York,VA
2912,51510,Alexandria City,VA
2913,51515,Bedford City,VA
2914,51520,Bristol City,VA
2915,51530,Buena Vista City,VA
2916,51540,Charlottesville City,VA
2917,51550,Chesapeake City,VA
2918,51560,Clifton Forge City,VA
2919,51570,Colonial Heights Cit,VA
2920,51580,Covington City,VA
2921,51590,Danville City,VA
2922,51595,Emporia City,VA
2923,51600,Fairfax City,VA
2924,51610,Falls Church City,VA
2925,51620,Franklin City,VA
2926,51630,Fredericksburg City,VA
2927,51640,Galax City,VA
2928,51650,Hampton City,VA
2929,51660,Harrisonburg City,VA
2930,51670,Hopewell City,VA
2931,51678,Lexington City,VA
2932,51680,Lynchburg City,VA
2933,51683,Manassas City,VA
2934,51685,Manassas Park City,VA
2935,51690,Martinsville City,VA
2936,51700,Newport News City,VA
2937,51710,Norfolk City,VA
2938,51720,Norton City,VA
2939,51730,Petersburg City,VA
2940,51735,Poquoson City,VA
2941,51740,Portsmouth City,VA
2942,51750,Radford City,VA
2943,51760,Richmond City,VA
2944,51770,Roanoke City,VA
2945,51775,Salem City,VA
2946,51780,South Boston City,VA
2947,51790,Staunton City,VA
2948,51800,Suffolk City,VA
2949,51810,Virginia Beach City,VA
2950,51820,Waynesboro City,VA
2951,51830,Williamsburg City,VA
2952,51840,Winchester City,VA
2953,53001,Adams,WA
2954,53003,Asotin,WA
2955,53005,Benton,WA
2956,53007,Chelan,WA
2957,53009,Clallam,WA
2958,53011,Clark,WA
2959,53013,Columbia,WA
2960,53015,Cowlitz,WA
2961,53017,Douglas,WA
2962,53019,Ferry,WA
2963,53021,Franklin,WA
2964,53023,Garfield,WA
2965,53025,Grant,WA
2966,53027,Grays Harbor,WA
2967,53029,Island,WA
2968,53031,Jefferson,WA
2969,53033,King,WA
2970,53035,Kitsap,WA
2971,53037,Kittitas,WA
2972,53039,Klickitat,WA
2973,53041,Lewis,WA
2974,53043,Lincoln,WA
2975,53045,Mason,WA
2976,53047,Okanogan,WA
2977,53049,Pacific,WA
2978,53051,Pend Oreille,WA
2979,53053,Pierce,WA
2980,53055,San Juan,WA
2981,53057,Skagit,WA
2982,53059,Skamania,WA
2983,53061,Snohomish,WA
2984,53063,Spokane,WA
2985,53065,Stevens,WA
2986,53067,Thurston,WA
2987,53069,Wahkiakum,WA
2988,53071,Walla Walla,WA
2989,53073,Whatcom,WA
2990,53075,Whitman,WA
2991,53077,Yakima,WA
2992,54001,Barbour,WV
2993,54003,Berkeley,WV
2994,54005,Boone,WV
2995,54007,Braxton,WV
2996,54009,Brooke,WV
2997,54011,Cabell,WV
2998,54013,Calhoun,WV
2999,54015,Clay,WV
3000,54017,Doddridge,WV
3001,54019,Fayette,WV
3002,54021,Gilmer,WV
3003,54023,Grant,WV
3004,54025,Greenbrier,WV
3005,54027,Hampshire,WV
3006,54029,Hancock,WV
3007,54031,Hardy,WV
3008,54033,Harrison,WV
3009,54035,Jackson,WV
3010,54037,Jefferson,WV
3011,54039,Kanawha,WV
3012,54041,Lewis,WV
3013,54043,Lincoln,WV
3014,54045,Logan,WV
3015,54047,McDowell,WV
3016,54049,Marion,WV
3017,54051,Marshall,WV
3018,54053,Mason,WV
3019,54055,Mercer,WV
3020,54057,Mineral,WV
3021,54059,Mingo,WV
3022,54061,Monongalia,WV
3023,54063,Monroe,WV
3024,54065,Morgan,WV
3025,54067,Nicholas,WV
3026,54069,Ohio,WV
3027,54071,Pendleton,WV
3028,54073,Pleasants,WV
3029,54075,Pocahontas,WV
3030,54077,Preston,WV
3031,54079,Putnam,WV
3032,54081,Raleigh,WV
3033,54083,Randolph,WV
3034,54085,Ritchie,WV
3035,54087,Roane,WV
3036,54089,Summers,WV
3037,54091,Taylor,WV
3038,54093,Tucker,WV
3039,54095,Tyler,WV
3040,54097,Upshur,WV
3041,54099,Wayne,WV
3042,54101,Webster,WV
3043,54103,Wetzel,WV
3044,54105,Wirt,WV
3045,54107,Wood,WV
3046,54109,Wyoming,WV
3047,55001,Adams,WI
3048,55003,Ashland,WI
3049,55005,Barron,WI
3050,55007,Bayfield,WI
3051,55009,Brown,WI
3052,55011,Buffalo,WI
3053,55013,Burnett,WI
3054,55015,Calumet,WI
3055,55017,Chippewa,WI
3056,55019,Clark,WI
3057,55021,Columbia,WI
3058,55023,Crawford,WI
3059,55025,Dane,WI
3060,55027,Dodge,WI
3061,55029,Door,WI
3062,55031,Douglas,WI
3063,55033,Dunn,WI
3064,55035,Eau Claire,WI
3065,55037,Florence,WI
3066,55039,Fond du Lac,WI
3067,55041,Forest,WI
3068,55043,Grant,WI
3069,55045,Green,WI
3070,55047,Green Lake,WI
3071,55049,Iowa,WI
3072,55051,Iron,WI
3073,55053,Jackson,WI
3074,55055,Jefferson,WI
3075,55057,Juneau,WI
3076,55059,Kenosha,WI
3077,55061,Kewaunee,WI
3078,55063,La Crosse,WI
3079,55065,Lafayette,WI
3080,55067,Langlade,WI
3081,55069,Lincoln,WI
3082,55071,Manitowoc,WI
3083,55073,Marathon,WI
3084,55075,Marinette,WI
3085,55077,Marquette,WI
3086,55078,Menominee,WI
3087,55079,Milwaukee,WI
3088,55081,Monroe,WI
3089,55083,Oconto,WI
3090,55085,Oneida,WI
3091,55087,Outagamie,WI
3092,55089,Ozaukee,WI
3093,55091,Pepin,WI
3094,55093,Pierce,WI
3095,55095,Polk,WI
3096,55097,Portage,WI
3097,55099,Price,WI
3098,55101,Racine,WI
3099,55103,Richland,WI
3100,55105,Rock,WI
3101,55107,Rusk,WI
3102,55109,St Croix,WI
3103,55111,Sauk,WI
3104,55113,Sawyer,WI
3105,55115,Shawano,WI
3106,55117,Sheboygan,WI
3107,55119,Taylor,WI
3108,55121,Trempealeau,WI
3109,55123,Vernon,WI
3110,55125,Vilas,WI
3111,55127,Walworth,WI
3112,55129,Washburn,WI
3113,55131,Washington,WI
3114,55133,Waukesha,WI
3115,55135,Waupaca,WI
3116,55137,Waushara,WI
3117,55139,Winnebago,WI
3118,55141,Wood,WI
3119,56001,Albany,WY
3120,56003,Big Horn,WY
3121,56005,Campbell,WY
3122,56007,Carbon,WY
3123,56009,Converse,WY
3124,56011,Crook,WY
3125,56013,Fremont,WY
3126,56015,Goshen,WY
3127,56017,Hot Springs,WY
3128,56019,Johnson,WY
3129,56021,Laramie,WY
3130,56023,Lincoln,WY
3131,56025,Natrona,WY
3132,56027,Niobrara,WY
3133,56029,Park,WY
3134,56031,Platte,WY
3135,56033,Sheridan,WY
3136,56035,Sublette,WY
3137,56037,Sweetwater,WY
3138,56039,Teton,WY
3139,56041,Uinta,WY
3140,56043,Washakie,WY
3141,56045,Weston,WY
3142,60010,Unknown,AS
3143,60020,Manua,AS
3144,60020,Ofu,AS
3145,60020,Olosega,AS
3146,60050,Tutuila,AS
3147,66010,Cocos Island,MP
3148,66010,Guam,GU
3149,69100,Rota,MP
3150,69110,Saipan,MP
3151,69120,Aguijan,MP
3152,69120,Tinian,MP
3153,72001,Adjuntas,PR
3154,72003,Aguada,PR
3155,72005,Aguadilla,PR
3156,72007,Aguas Buenas,PR
3157,72009,Aibonito,PR
3158,72011,Anasco,PR
3159,72013,Arecibo,PR
3160,72015,Arroyo,PR
3161,72017,Barceloneta,PR
3162,72019,Barranquitas,PR
3163,72021,Bayamon,PR
3164,72023,Cabo Rojo,PR
3165,72025,Caguas,PR
3166,72027,Camuy,PR
3167,72029,Canovanas,PR
3168,72031,Carolina,PR
3169,72033,Catano,PR
3170,72035,Cayey,PR
3171,72037,Ceiba,PR
3172,72041,Cidra,PR
3173,72043,Coamo,PR
3174,72045,Comerio,PR
3175,72047,Corozal,PR
3176,72049,Culebra,PR
3177,72051,Dorado,PR
3178,72053,Fajardo,PR
3179,72054,Florida,PR
3180,72055,Guanica,PR
3181,72057,Guayama,PR
3182,72059,Guayanilla,PR
3183,72061,Guaynabo,PR
3184,72063,Gurabo,PR
3185,72065,Hatillo,PR
3186,72067,Hormigueros,PR
3187,72071,Isabela,PR
3188,72073,Jayuya,PR
3189,72075,Juana Diaz,PR
3190,72077,Juncos,PR
3191,72079,Lajas,PR
3192,72081,Lares,PR
3193,72083,Las Marias,PR
3194,72085,Las Piedras,PR
3195,72087,Loiza,PR
3196,72089,Luquillo,PR
3197,72091,Manati,PR
3198,72093,Maricao,PR
3199,72095,Maunabo,PR
3200,72097,Mayaguez,PR
3201,72099,Moca,PR
3202,72101,Morovis,PR
3203,72103,Nabuabo,PR
3204,72105,Naranjito,PR
3205,72107,Orocovis,PR
3206,72109,Patillas,PR
3207,72111,Penuelas,PR
3208,72113,Ponce,PR
3209,72115,Quebradillas,PR
3210,72117,Rincon,PR
3211,72119,Rio Grande,PR
3212,72121,Sabana Grande,PR
3213,72123,Salinas,PR
3214,72125,San German,PR
3215,72127,San Juan,PR
3216,72129,San Lorenzo,PR
3217,72131,San Sabastian,PR
3218,72133,Santa Isabel,PR
3219,72135,Toa Alta,PR
3220,72137,Toa Baja,PR
3221,72139,Trujillo Alto,PR
3222,72141,Utuado,PR
3223,72143,Vega Alta,PR
3224,72145,Vega Baja,PR
3225,72147,Vieques,PR
3226,72149,Villalba,PR
3227,72151,Yabucoa,PR
3228,72153,Yauco,PR
3229,78010,St. Croix,VI
3230,78020,St. John,VI
3231,78030,St. Thomas,VI
